Archaea;TACKgroup;CandidatusBathyarchaeota
Archaea;Euryarchaeota;Stenosarchaeagroup;Halobacteria;Haloferacales;Halorubraceae;Halorubrum;Halorubrum_sp.
Archaea;TACKgroup;Thaumarchaeota;Nitrosopumilales;Nitrosopumilaceae;Nitrosarchaeum;Nitrosarchaeum_sp.
Archaea;Euryarchaeota
Archaea;Euryarchaeota;Stenosarchaeagroup;Halobacteria;Haloferacales;Haloferacaceae;Haloferax;Haloferax_sp.
Archaea;TACKgroup;Thaumarchaeota;Nitrosopumilales;Nitrosopumilaceae;Candidatus_Nitrosopumilus_salaria
Archaea;Euryarchaeota;Stenosarchaeagroup;Halobacteria;Haloferacales;Halorubraceae;Halorubrum;Halorubrum_halodurans_1
Archaea;Euryarchaeota;Stenosarchaeagroup;Halobacteria;Haloferacales;Halorubraceae;Halorubrum;Halorubrum_ezzemoulense
Archaea;Euryarchaeota;Stenosarchaeagroup;Halobacteria;Natrialbales;Natrialbaceae;Haloterrigena;Haloterrigena_turkmenica
Archaea;environmental_samples
Archaea;TACKgroup;Thaumarchaeota;unclassifiedThaumarchaeota;MarineGroupI;Marine_Group_I_thaumarchaeote_SCGC_RSA3
Archaea;Euryarchaeota;Stenosarchaeagroup;Halobacteria;Halobacteriales;Halobacteriaceae;Halobacterium;Halobacteriumsa_linarum
Bacteria_Acidobacteria_unclassified_Acidobacteria_Acidobacteria_bacterium
Bacteria_Aquificae_Aquificae_Aquificales_Aquificaceae_environmental_samples_uncultured_Aquificaceae_bacterium
Bacteria_Aquificae_unclassified_Aquificae_Aquificae_bacterium
Bacteria_Bacteria_incertae_sedis_Bacteria_candidate_phyla_Candidatus_Dadabacteria_Candidatus_Dadabacteria_bacterium
Bacteria_Bacteria_incertae_sedis_Bacteria_candidate_phyla_Candidatus_Rokubacteria_unclassified_Candidatus_Rokubacteria
Bacteria_environmental_samples_uncultured_bacterium
Bacteria_FCB_group_Bacteroidetes/Chlorobi_group_Bacteroidetes_Bacteroidia
Bacteria_FCB_group_Bacteroidetes/Chlorobi_group_Bacteroidetes_Chitinophagia_Chitinophagales_Chitinophagaceae_unclassified_Chitinophagaceae_Chitinophagaceae_bacterium
Bacteria_FCB_group_Bacteroidetes/Chlorobi_group_Bacteroidetes_Cytophagia_Cytophagales_Cytophagaceae
Bacteria_FCB_group_Bacteroidetes/Chlorobi_group_Bacteroidetes_Cytophagia_Cytophagales_Hymenobacteraceae_Hymenobacter_unclassified_Hymenobacter_Hymenobacter_sp.
Bacteria_FCB_group_Bacteroidetes/Chlorobi_group_Bacteroidetes_Cytophagia_Cytophagales_Marivirgaceae_Marivirga_Marivirga_lumbricoides
Bacteria_FCB_group_Bacteroidetes/Chlorobi_group_Bacteroidetes_Cytophagia_Cytophagales_unclassified_Cytophagales_Cytophagales_bacterium
Bacteria_FCB_group_Bacteroidetes/Chlorobi_group_Bacteroidetes_Flavobacteriia_Flavobacteriales
Bacteria_FCB_group_Bacteroidetes/Chlorobi_group_Bacteroidetes_Sphingobacteriia_Sphingobacteriales_Sphingobacteriaceae_Parapedobacter_unclassified_Parapedobacter_Parapedobacter_sp.
Bacteria_FCB_group_Bacteroidetes/Chlorobi_group_Bacteroidetes_Sphingobacteriia_Sphingobacteriales_Sphingobacteriaceae_Pedobacter_unclassified_Pedobacter_Pedobacter_sp.
Bacteria_FCB_group_Bacteroidetes/Chlorobi_group_Bacteroidetes_Sphingobacteriia_Sphingobacteriales_Sphingobacteriaceae_unclassified_Sphingobacteriaceae_Sphingobacteriaceae_bacterium
Bacteria_FCB_group_Bacteroidetes/Chlorobi_group_Bacteroidetes_Sphingobacteriia_Sphingobacteriales_unclassified_Sphingobacteriales_Sphingobacteriales_bacterium
Bacteria_FCB_group_Bacteroidetes/Chlorobi_group_Bacteroidetes_Sphingobacteriia_Sphingobacteriales_unclassified_Sphingobacteriales_Sphingobacteriales_bacterium_24404
Bacteria_FCB_group_Bacteroidetes/Chlorobi_group_Bacteroidetes_Sphingobacteriia_unclassified_Sphingobacteriia
Bacteria_FCB_group_Bacteroidetes/Chlorobi_group_Bacteroidetes_unclassified_Bacteroidetes_Bacteroidetes_bacterium
Bacteria_FCB_group_Bacteroidetes/Chlorobi_group_Bacteroidetes_unclassified_Bacteroidetes_Bacteroidetes_bacterium_CG_4_10_14_3_um_filter_42_6
Bacteria_FCB_group_Bacteroidetes/Chlorobi_group_Bacteroidetes_unclassified_Bacteroidetes_Bacteroidetes_bacterium_HGWBacteroidetes9
Bacteria_FCB_group_Bacteroidetes/Chlorobi_group_Bacteroidetes_unclassified_Bacteroidetes_Bacteroidetes_bacterium_QH_6_63_17
Bacteria_FCB_group_Bacteroidetes/Chlorobi_group_Bacteroidetes_unclassified_Bacteroidetes_Bacteroidetes_bacterium_RIFCSPHIGHO2_02_FULL_44_7
Bacteria_FCB_group_Bacteroidetes/Chlorobi_group_Ignavibacteriae_Ignavibacteria_Ignavibacteriales
Bacteria_FCB_group_Bacteroidetes/Chlorobi_group_Ignavibacteriae_Ignavibacteria_unclassified_Ignavibacteria
Bacteria_FCB_group_Bacteroidetes/Chlorobi_group_Ignavibacteriae_unclassified_Ignavibacteriae_Ignavibacteriae_bacterium
Bacteria_FCB_group_Gemmatimonadetes_unclassified_Gemmatimonadetes_Gemmatimonadetes_bacterium_HGWGemmatimonadetes1
Bacteria_Fusobacteria_Fusobacteriia_Fusobacteriales_Leptotrichiaceae_Streptobacillus_Streptobacillus_moniliformis
Bacteria_Nitrospirae_unclassified_Nitrospirae_Nitrospirae_bacterium
Bacteria_Proteobacteria_Acidithiobacillia_Acidithiobacillales_Acidithiobacillaceae_Acidithiobacillus_Acidithiobacillus_ferrivorans
Bacteria_Proteobacteria_Alphaproteobacteria_Caulobacterales
Bacteria_Proteobacteria_Alphaproteobacteria_Pelagibacterales_Pelagibacteraceae_Candidatus_Pelagibacter_Candidatus_Pelagibacter_ubique
Bacteria_Proteobacteria_Alphaproteobacteria_Rhizobiales
Bacteria_Proteobacteria_Alphaproteobacteria_Rhodobacterales
Bacteria_Proteobacteria_Alphaproteobacteria_Rhodospirillales
Bacteria_Proteobacteria_Alphaproteobacteria_Rickettsiales
Bacteria_Proteobacteria_Alphaproteobacteria_Sphingomonadales
Bacteria_Proteobacteria_Alphaproteobacteria_unclassified_Alphaproteobacteria_Alphaproteobacteria_bacterium
Bacteria_Proteobacteria_Alphaproteobacteria_unclassified_Alphaproteobacteria_Alphaproteobacteria_bacterium_HGWAlphaproteobacteria12
Bacteria_Proteobacteria_Alphaproteobacteria_unclassified_Alphaproteobacteria_Alphaproteobacteria_bacterium_HGWAlphaproteobacteria8
Bacteria_Proteobacteria_Alphaproteobacteria_unclassified_Alphaproteobacteria_Alphaproteobacteria_bacterium_PA3
Bacteria_Proteobacteria_Betaproteobacteria_Burkholderiales
Bacteria_Proteobacteria_Betaproteobacteria_Neisseriales
Bacteria_Proteobacteria_Betaproteobacteria_Nitrosomonadales_Gallionellaceae_unclassified_Gallionellaceae_Gallionellaceae_bacterium
Bacteria_Proteobacteria_Betaproteobacteria_Nitrosomonadales_Nitrosomonadaceae_Nitrosospira
Bacteria_Proteobacteria_Betaproteobacteria_Nitrosomonadales_unclassified_Nitrosomonadales
Bacteria_Proteobacteria_Betaproteobacteria_Rhodocyclales_Rhodocyclaceae_Azospira_Dechlorosoma_suillum
Bacteria_Proteobacteria_Betaproteobacteria_unclassified_Betaproteobacteria_Betaproteobacteria_bacterium
Bacteria_Proteobacteria_Betaproteobacteria_unclassified_Betaproteobacteria_Betaproteobacteria_bacterium_HGWBetaproteobacteria17
Bacteria_Proteobacteria_Betaproteobacteria_unclassified_Betaproteobacteria_Betaproteobacteria_bacterium_HGWBetaproteobacteria18
Bacteria_Proteobacteria_Betaproteobacteria_unclassified_Betaproteobacteria_Betaproteobacteria_bacterium_HGWBetaproteobacteria20
Bacteria_Proteobacteria_Betaproteobacteria_unclassified_Betaproteobacteria_Betaproteobacteria_bacterium_HGWBetaproteobacteria4
Bacteria_Proteobacteria_Betaproteobacteria_unclassified_Betaproteobacteria_Betaproteobacteria_bacterium_RIFCSPLOWO2_12_61_14
Bacteria_Proteobacteria_delta/epsilon_subdivisions_Deltaproteobacteria
Bacteria_Proteobacteria_delta/epsilon_subdivisions_Epsilonproteobacteria
Bacteria_Proteobacteria_Gammaproteobacteria_Aeromonadales_Aeromonadaceae_Aeromonas
Bacteria_Proteobacteria_Gammaproteobacteria_Alteromonadales
Bacteria_Proteobacteria_Gammaproteobacteria_Cellvibrionales_Halieaceae_Haliea_unclassified_Haliea_Haliea_sp._SAOS164
Bacteria_Proteobacteria_Gammaproteobacteria_Chromatiales
Bacteria_Proteobacteria_Gammaproteobacteria_Enterobacterales
Bacteria_Proteobacteria_Gammaproteobacteria_environmental_samples_uncultured_Gammaproteobacteria_bacterium
Bacteria_Proteobacteria_Gammaproteobacteria_Gammaproteobacteria_incertae_sedis_sulfuroxidizing_symbionts
Bacteria_Proteobacteria_Gammaproteobacteria_Legionellales_Legionellaceae_Legionella_unclassified_Legionella_Legionella_sp._21454
Bacteria_Proteobacteria_Gammaproteobacteria_Methylococcales_Methylococcaceae
Bacteria_Proteobacteria_Gammaproteobacteria_Oceanospirillales
Bacteria_Proteobacteria_Gammaproteobacteria_Pasteurellales_Pasteurellaceae_Aggregatibacter_Aggregatibacter_actinomycetemcomitans_Aggregatibacter_actinomycetemcomitans_serotype_d_str._SA3733
Bacteria_Proteobacteria_Gammaproteobacteria_Pasteurellales_Pasteurellaceae_Glaesserella_Glaesserella_parasuis_Glaesserella_parasuis_HPS11
Bacteria_Proteobacteria_Gammaproteobacteria_Pasteurellales_Pasteurellaceae_Mannheimia_Mannheimia_haemolytica_Mannheimia_haemolytica_serotype_A2_Mannheimia_haemolytica_serotype_A2_str._OVINE
Bacteria_Proteobacteria_Gammaproteobacteria_Pseudomonadales
Bacteria_Proteobacteria_Gammaproteobacteria_unclassified_Gammaproteobacteria
Bacteria_Proteobacteria_Gammaproteobacteria_Vibrionales_Vibrionaceae
Bacteria_Proteobacteria_Hydrogenophilalia_Hydrogenophilales_unclassified_Hydrogenophilales
Bacteria_Proteobacteria_unclassified_Proteobacteria_Proteobacteria_bacterium
Bacteria_PVC_group_Chlamydiae_Chlamydiia_Chlamydiales_Chlamydiaceae_Chlamydia/Chlamydophila_group_Chlamydia_Chlamydia_psittaci
Bacteria_PVC_group_Planctomycetes_Planctomycetia
Bacteria_PVC_group_Planctomycetes_unclassified_Planctomycetes_Planctomycetes_bacterium
Bacteria_PVC_group_Verrucomicrobia_unclassified_Verrucomicrobia
Bacteria_PVC_group_Verrucomicrobia_Verrucomicrobiae_Verrucomicrobiales_Verrucomicrobiaceae_unclassified_Verrucomicrobiaceae_Verrucomicrobiaceae_bacterium
Bacteria_Terrabacteria_group_Actinobacteria_Actinobacteria
Bacteria_Terrabacteria_group_Armatimonadetes_unclassified_Armatimonadetes_Armatimonadetes_bacterium_13_1_40CM_3_65_7
Bacteria_Terrabacteria_group_Chloroflexi_Caldilineae
Bacteria_Terrabacteria_group_Chloroflexi_Candidatus_Thermofonsia_Candidatus_Thermofonsia_Clade_2_Candidatus_Thermofonsia_Clade_2_bacterium
Bacteria_Terrabacteria_group_Chloroflexi_Thermomicrobia_Sphaerobacteridae_Sphaerobacterales_Sphaerobacterineae_Sphaerobacteraceae_Sphaerobacter_Sphaerobacter_thermophilus
Bacteria_Terrabacteria_group_Chloroflexi_unclassified_Chloroflexi_Chloroflexi_bacterium
Bacteria_Terrabacteria_group_Cyanobacteria/Melainabacteria_group_Cyanobacteria
Bacteria_Terrabacteria_group_Firmicutes_Bacilli
Bacteria_Terrabacteria_group_Firmicutes_Clostridia
Bacteria_Terrabacteria_group_Tenericutes_Mollicutes_Acholeplasmatales_Acholeplasmataceae_Candidatus_Phytoplasma_Candidatus_Phytoplasma_asteris
Bacteria_unclassified_Bacteria_bacterium
Bacteria_unclassified_Bacteria_bacterium_DOLZORAL124_64_63
Bacteria_unclassified_Bacteria_bacterium_endosymbiont_of_Archivesica_gigas
Bacteria_unclassified_Bacteria_bacterium_endosymbiont_of_Phreagena_soyoae
Bacteria_unclassified_Bacteria_bacterium_M00.F.Ca.ET.168.01.1.1
Bacteria_unclassified_Bacteria_bacterium_M00.F.Ca.ET.229.01.1.1
Bacteria_unclassified_Bacteria_bacterium_symbiont_of_Christineconcha_regab
Bacteria_unclassified_Bacteria_bacterium_symbiont_of_Laubiericoncha_chuni
Eukaryota_Acanthocephala_Archiacanthocephala_Gigantorhynchida_Gigantorhynchidae_Mediorhynchus_Mediorhynchus_gallinarum
Eukaryota_Acanthocephala_Archiacanthocephala_Moniliformida_Moniliformidae_Moniliformis
Eukaryota_Acanthocephala_Archiacanthocephala_Oligacanthorhynchida_Oligacanthorhynchidae
Eukaryota_Acanthocephala_Eoacanthocephala_Gyracanthocephala_Quadrigyridae
Eukaryota_Acanthocephala_Eoacanthocephala_Neoechinorhynchida
Eukaryota_Acanthocephala_Palaeacanthocephala_Cavisomidae_Cavisomidae
Eukaryota_Acanthocephala_Palaeacanthocephala_Diplosentidae_Diplosentidae_Sharpilosentis_Sharpilosentis_peruviensis
Eukaryota_Acanthocephala_Palaeacanthocephala_Echinorhynchida
Eukaryota_Acanthocephala_Palaeacanthocephala_Polymorphida
Eukaryota_Acanthocephala_Palaeacanthocephala_Transvenidae_Transvenidae
Eukaryota_Acanthocephala_Polyacanthocephala_Polyacanthorhynchidae_Polyacanthorhynchidae_Polyacanthorhynchus_Polyacanthorhynchus_caballeroi
Eukaryota_Annelida_Clitellata_Acanthobdellida_Acanthobdella_Acanthobdella_Acanthobdella_peledina
Eukaryota_Annelida_Clitellata_Branchiobdellida
Eukaryota_Annelida_Clitellata_Capilloventridae_Capilloventridae_Capilloventer_Capilloventer_australis
Eukaryota_Annelida_Clitellata_Enchytraeida_Enchytraeidae
Eukaryota_Annelida_Clitellata_Haplotaxida
Eukaryota_Annelida_Clitellata_Hirudinida
Eukaryota_Annelida_Clitellata_Lumbriculida
Eukaryota_Annelida_Clitellata_Moniligastrida_Moniligastridae_Drawida
Eukaryota_Annelida_Hrabeiella_Hrabeiella_Hrabeiella_Hrabeiella_Hrabeiella_periglandulata
Eukaryota_Annelida_Myzostomida_Myzostomida
Eukaryota_Annelida_Polychaeta_Aspidosiphonidormes_Aspidosiphonidae
Eukaryota_Annelida_Polychaeta_Capitellida
Eukaryota_Annelida_Polychaeta_Dinophilidae_Dinophilidae
Eukaryota_Annelida_Polychaeta_Echiuroidea
Eukaryota_Annelida_Polychaeta_Eunicida
Eukaryota_Annelida_Polychaeta_Flabelligerida_Flabelligeridae
Eukaryota_Annelida_Polychaeta_Golfingiida
Eukaryota_Annelida_Polychaeta_Nerillidae_Nerillidae
Eukaryota_Annelida_Polychaeta_Opheliidae_Opheliidae
Eukaryota_Annelida_Polychaeta_Orbiniidae_Orbiniidae
Eukaryota_Annelida_Polychaeta_Paraonidae_Paraonidae
Eukaryota_Annelida_Polychaeta_Parergodrilidae_Parergodrilidae
Eukaryota_Annelida_Polychaeta_Phascolosomatiformes_Phascolosomatidae
Eukaryota_Annelida_Polychaeta_Phyllodocida
Eukaryota_Annelida_Polychaeta_Polygordiidae_Polygordiidae_Polygordius
Eukaryota_Annelida_Polychaeta_Potamodrilidae_Potamodrilus_Potamodrilus_Potamodrilus_fluviatilis
Eukaryota_Annelida_Polychaeta_Protodrilidae_Protodrilidae
Eukaryota_Annelida_Polychaeta_Psammodrilidae_Psammodrilidae_Psammodrilus
Eukaryota_Annelida_Polychaeta_Questidae_Questidae_Questa_Questa_ersei
Eukaryota_Annelida_Polychaeta_Sabellida
Eukaryota_Annelida_Polychaeta_Saccocirridae_Saccocirridae
Eukaryota_Annelida_Polychaeta_Spionida
Eukaryota_Annelida_Polychaeta_Terebellida
Eukaryota_Annelida_Polychaeta_Xenopneusta_Urechidae_Urechis
Eukaryota_Apicomplexa_Aconoidasida_Haemosporida
Eukaryota_Apicomplexa_Aconoidasida_Piroplasmida
Eukaryota_Apicomplexa_Conoidasida_Eucoccidiorida
Eukaryota_Apusomonadidae_Apusomonadidae_Apusomonadidae_Apusomonadidae_Thecamonas_Thecamonas_trahens
Eukaryota_Arthropoda_Arachnida_Amblypygi
Eukaryota_Arthropoda_Arachnida_Araneae
Eukaryota_Arthropoda_Arachnida_Ixodida
Eukaryota_Arthropoda_Arachnida_Mesostigmata
Eukaryota_Arthropoda_Arachnida_Opilioacarida_Opilioacaridae_Neocarus_Neocarus_bajacalifornicus
Eukaryota_Arthropoda_Arachnida_Opiliones
Eukaryota_Arthropoda_Arachnida_Palpigradi
Eukaryota_Arthropoda_Arachnida_Pseudoscorpiones
Eukaryota_Arthropoda_Arachnida_Ricinulei
Eukaryota_Arthropoda_Arachnida_Sarcoptiformes
Eukaryota_Arthropoda_Arachnida_Schizomida_Hubbardiidae
Eukaryota_Arthropoda_Arachnida_Scorpiones
Eukaryota_Arthropoda_Arachnida_Solifugae
Eukaryota_Arthropoda_Arachnida_Trombidiformes
Eukaryota_Arthropoda_Arachnida_Uropygi_Thelyphonidae
Eukaryota_Arthropoda_Branchiopoda_Anostraca
Eukaryota_Arthropoda_Branchiopoda_Diplostraca
Eukaryota_Arthropoda_Branchiopoda_Notostraca_Triopsidae
Eukaryota_Arthropoda_Cephalocarida_Brachypoda_Hutchinsoniellidae
Eukaryota_Arthropoda_Chilopoda_Craterostigmomorpha_Craterostigmidae_Craterostigmus
Eukaryota_Arthropoda_Chilopoda_Geophilomorpha
Eukaryota_Arthropoda_Chilopoda_Lithobiomorpha
Eukaryota_Arthropoda_Chilopoda_Scolopendromorpha
Eukaryota_Arthropoda_Chilopoda_Scutigeromorpha_Scutigeridae
Eukaryota_Arthropoda_Collembola_Entomobryomorpha
Eukaryota_Arthropoda_Collembola_Neelipleona_Neelidae
Eukaryota_Arthropoda_Collembola_Poduromorpha
Eukaryota_Arthropoda_Collembola_Symphypleona
Eukaryota_Arthropoda_Diplopoda_Callipodida
Eukaryota_Arthropoda_Diplopoda_Chordeumatida
Eukaryota_Arthropoda_Diplopoda_Glomerida
Eukaryota_Arthropoda_Diplopoda_Glomeridesmida_Glomeridesmidae_Glomeridesmus_Glomeridesmus_spelaeus
Eukaryota_Arthropoda_Diplopoda_Julida
Eukaryota_Arthropoda_Diplopoda_Playtdesmida_Andrognathidae
Eukaryota_Arthropoda_Diplopoda_Polydesmida
Eukaryota_Arthropoda_Diplopoda_Polyxenida
Eukaryota_Arthropoda_Diplopoda_Polyzoniida_Polyzoniidae
Eukaryota_Arthropoda_Diplopoda_Siphonophorida_Siphonophoridae
Eukaryota_Arthropoda_Diplopoda_Sphaerotheriida
Eukaryota_Arthropoda_Diplopoda_Spirobolida
Eukaryota_Arthropoda_Diplopoda_Spirostreptida
Eukaryota_Arthropoda_Diplura_Diplura
Eukaryota_Arthropoda_Hexanauplia_Akentrogonida_Clistosaccidae_Clistosaccus_Clistosaccus_paguri
Eukaryota_Arthropoda_Hexanauplia_Apygophora_Trypetesidae_Trypetesa_Trypetesa_lampas
Eukaryota_Arthropoda_Hexanauplia_Calanoida
Eukaryota_Arthropoda_Hexanauplia_Cyclopoida
Eukaryota_Arthropoda_Hexanauplia_Dendrogastrida_Dendrogastridae_Dendrogaster
Eukaryota_Arthropoda_Hexanauplia_Harpacticoida
Eukaryota_Arthropoda_Hexanauplia_Kentrogonida
Eukaryota_Arthropoda_Hexanauplia_Misophrioida
Eukaryota_Arthropoda_Hexanauplia_Monstrilloida_Monstrillidae
Eukaryota_Arthropoda_Hexanauplia_Mormonilloida_Mormonillidae
Eukaryota_Arthropoda_Hexanauplia_Pedunculata
Eukaryota_Arthropoda_Hexanauplia_Platycopioida_Platycopiidae_Nanocopia_Nanocopia_minuta
Eukaryota_Arthropoda_Hexanauplia_Poecilostomatoida
Eukaryota_Arthropoda_Hexanauplia_Pygophora
Eukaryota_Arthropoda_Hexanauplia_Sessilia
Eukaryota_Arthropoda_Hexanauplia_Siphonostomatoida
Eukaryota_Arthropoda_Ichthyostraca_Arguloida_Argulidae_Argulus
Eukaryota_Arthropoda_Ichthyostraca_Porocephalida
Eukaryota_Arthropoda_Ichthyostraca_Raillietiellida_Raillietiellidae_Raillietiella
Eukaryota_Arthropoda_Ichthyostraca_Reighardiida_Reighardiidae_Reighardia_Reighardia_sternae
Eukaryota_Arthropoda_Insecta_Archaeognatha
Eukaryota_Arthropoda_Insecta_Blattodea
Eukaryota_Arthropoda_Insecta_Coleoptera
Eukaryota_Arthropoda_Insecta_Dermaptera
Eukaryota_Arthropoda_Insecta_Diptera
Eukaryota_Arthropoda_Insecta_Embioptera
Eukaryota_Arthropoda_Insecta_Ephemeroptera
Eukaryota_Arthropoda_Insecta_Grylloblattodea_Grylloblattidae
Eukaryota_Arthropoda_Insecta_Hemiptera
Eukaryota_Arthropoda_Insecta_Hymenoptera
Eukaryota_Arthropoda_Insecta_Lepidoptera
Eukaryota_Arthropoda_Insecta_Mantodea
Eukaryota_Arthropoda_Insecta_Mantophasmatodea
Eukaryota_Arthropoda_Insecta_Mecoptera
Eukaryota_Arthropoda_Insecta_Megaloptera
Eukaryota_Arthropoda_Insecta_Neuroptera
Eukaryota_Arthropoda_Insecta_Odonata
Eukaryota_Arthropoda_Insecta_Orthoptera
Eukaryota_Arthropoda_Insecta_Phasmatodea
Eukaryota_Arthropoda_Insecta_Phthiraptera
Eukaryota_Arthropoda_Insecta_Plecoptera
Eukaryota_Arthropoda_Insecta_Psocoptera
Eukaryota_Arthropoda_Insecta_Raphidioptera
Eukaryota_Arthropoda_Insecta_Siphonaptera
Eukaryota_Arthropoda_Insecta_Strepsiptera
Eukaryota_Arthropoda_Insecta_Thysanoptera
Eukaryota_Arthropoda_Insecta_Trichoptera
Eukaryota_Arthropoda_Insecta_Zoraptera_Zorotypidae
Eukaryota_Arthropoda_Insecta_Zygentoma
Eukaryota_Arthropoda_Malacostraca_Amphipoda
Eukaryota_Arthropoda_Malacostraca_Anaspidacea
Eukaryota_Arthropoda_Malacostraca_Bathynellacea
Eukaryota_Arthropoda_Malacostraca_Cumacea
Eukaryota_Arthropoda_Malacostraca_Decapoda
Eukaryota_Arthropoda_Malacostraca_Euphausiacea
Eukaryota_Arthropoda_Malacostraca_Isopoda
Eukaryota_Arthropoda_Malacostraca_Leptostraca_Nebaliidae
Eukaryota_Arthropoda_Malacostraca_Lophogastrida
Eukaryota_Arthropoda_Malacostraca_Mysida
Eukaryota_Arthropoda_Malacostraca_Stomatopoda
Eukaryota_Arthropoda_Malacostraca_Tanaidacea
Eukaryota_Arthropoda_Malacostraca_Thermosbaenacea
Eukaryota_Arthropoda_Merostomata_Xiphosura_Limulidae
Eukaryota_Arthropoda_Mystacocarida_Mystacocaridida_Derocheilocarididae_Derocheilocaris_Derocheilocaris_typicus
Eukaryota_Arthropoda_Ostracoda_Halocyprida
Eukaryota_Arthropoda_Ostracoda_Myodocopida
Eukaryota_Arthropoda_Ostracoda_Podocopida
Eukaryota_Arthropoda_Pauropoda_Tetramerocerata_Pauropodidae
Eukaryota_Arthropoda_Protura_Acerentomidae_Acerentomidae
Eukaryota_Arthropoda_Protura_Eosentomidae_Eosentomidae
Eukaryota_Arthropoda_Protura_Fujientomidae_Fujientomidae_Fujientomon_Fujientomon_dicestum
Eukaryota_Arthropoda_Protura_Hesperentomidae_Hesperentomidae
Eukaryota_Arthropoda_Protura_Protentomidae_Protentomidae
Eukaryota_Arthropoda_Protura_Sinentomidae_Sinentomidae_Sinentomon_Sinentomon_erythranum
Eukaryota_Arthropoda_Pycnogonida_Pantopoda
Eukaryota_Arthropoda_Remipedia_Lasionectes_Lasionectes_Lasionectes
Eukaryota_Arthropoda_Remipedia_Nectiopoda
Eukaryota_Arthropoda_Symphyla_Scutigerellidae_Scutigerellidae_Scutigerella_Scutigerella_causeyae
Eukaryota_Ascomycota_Arthoniomycetes_Arthoniales
Eukaryota_Ascomycota_Dothideomycetes_Cladosporiales_Cladosporiaceae_Cladosporium
Eukaryota_Ascomycota_Dothideomycetes_Dothideales_Dothioraceae_Sydowia_Sydowia_polyspora
Eukaryota_Ascomycota_Dothideomycetes_Mycosphaerellales_Mycosphaerellaceae
Eukaryota_Ascomycota_Dothideomycetes_Pleosporales
Eukaryota_Ascomycota_Dothideomycetes_Venturiales_Venturiaceae_Venturia_Venturia_inaequalis
Eukaryota_Ascomycota_Eurotiomycetes_Chaetothyriales
Eukaryota_Ascomycota_Eurotiomycetes_Eurotiales
Eukaryota_Ascomycota_Eurotiomycetes_Mycocaliciales_Mycocaliciaceae_Mycocalicium_Mycocalicium_subtile
Eukaryota_Ascomycota_Eurotiomycetes_Onygenales_Arthrodermataceae
Eukaryota_Ascomycota_Lecanoromycetes_Caliciales_Physciaceae_Heterodermia
Eukaryota_Ascomycota_Lecanoromycetes_Lecanorales
Eukaryota_Ascomycota_Lecanoromycetes_Ostropales_Graphidaceae
Eukaryota_Ascomycota_Lecanoromycetes_Peltigerales
Eukaryota_Ascomycota_Lecanoromycetes_Pertusariales_Pertusariaceae_Pertusaria
Eukaryota_Ascomycota_Lecanoromycetes_Phlyctidaceae_Phlyctidaceae_Phlyctis
Eukaryota_Ascomycota_Leotiomycetes_Erysiphales_Erysiphaceae_Podosphaera_Podosphaera_xanthii
Eukaryota_Ascomycota_Leotiomycetes_Helotiales
Eukaryota_Ascomycota_Leotiomycetes_Leohumicola_Leohumicola_Leohumicola
Eukaryota_Ascomycota_Leotiomycetes_Myxotrichaceae_Myxotrichaceae_Myxotrichum_Myxotrichum_deflexum
Eukaryota_Ascomycota_Leotiomycetes_Pseudeurotiaceae_Pseudeurotiaceae
Eukaryota_Ascomycota_Leotiomycetes_Scytalidium_Scytalidium_Scytalidium_Scytalidium_sp
Eukaryota_Ascomycota_Leotiomycetes_Thelebolales_Thelebolaceae_Antarctomyces_Antarctomyces_pellizariae
Eukaryota_Ascomycota_Orbiliomycetes_Orbiliales_Orbiliaceae
Eukaryota_Ascomycota_Pezizomycetes_Pezizales
Eukaryota_Ascomycota_Pneumocystidomycetes_Pneumocystidales_Pneumocystidaceae_Pneumocystis
Eukaryota_Ascomycota_Saccharomycetes_Saccharomycetales
Eukaryota_Ascomycota_Schizosaccharomycetes_Schizosaccharomycetales_Schizosaccharomycetaceae_Schizosaccharomyces
Eukaryota_Ascomycota_Sordariomycetes_Diaporthales
Eukaryota_Ascomycota_Sordariomycetes_Glomerellales
Eukaryota_Ascomycota_Sordariomycetes_Hypocreales
Eukaryota_Ascomycota_Sordariomycetes_Koralionastetales_Koralionastetaceae_Pontogeneia_Pontogeneia_inermis
Eukaryota_Ascomycota_Sordariomycetes_Microascales_Ceratocystidaceae
Eukaryota_Ascomycota_Sordariomycetes_Ophiostomatales_Ophiostomataceae
Eukaryota_Ascomycota_Sordariomycetes_Sordariales
Eukaryota_Ascomycota_Sordariomycetes_Xylariales
Eukaryota_Ascomycota_Taphrinomycetes_Taphrinales_Taphrinaceae_Taphrina
Eukaryota_Ascomycota_Tetracladium_Tetracladium_Tetracladium_Tetracladium
Eukaryota_Bacillariophyta_Bacillariophyceae_Bacillariales_Bacillariaceae
Eukaryota_Bacillariophyta_Bacillariophyceae_Cymbellales
Eukaryota_Bacillariophyta_Bacillariophyceae_Entomoneidaceae_Entomoneidaceae_Entomoneis_Entomoneis_sp
Eukaryota_Bacillariophyta_Bacillariophyceae_Eunotiales_Eunotiaceae_Eunotia
Eukaryota_Bacillariophyta_Bacillariophyceae_Naviculales
Eukaryota_Bacillariophyta_Bacillariophyceae_Surirellales_Surirellaceae_Surirella_Surirella_sp
Eukaryota_Bacillariophyta_Coscinodiscophyceae_Chaetocerotales_Chaetocerotaceae
Eukaryota_Bacillariophyta_Coscinodiscophyceae_Leptocylindrales_Leptocylindraceae_Leptocylindrus_Leptocylindrus_danicus
Eukaryota_Bacillariophyta_Coscinodiscophyceae_Melosirales
Eukaryota_Bacillariophyta_Coscinodiscophyceae_Rhizosoleniales_Rhizosoleniaceae
Eukaryota_Bacillariophyta_Coscinodiscophyceae_Thalassiosirales
Eukaryota_Bacillariophyta_Fragilariophyceae_Fragilariales_Fragilariaceae
Eukaryota_Bacillariophyta_Fragilariophyceae_Licmophorales_Ulnariaceae_Ulnaria_Ulnaria_acus
Eukaryota_Bacillariophyta_Fragilariophyceae_Thalassionemales_Thalassionemataceae_Thalassionema_Thalassionema_nitzschioides
Eukaryota_Bacillariophyta_Mediophyceae_Anaulales_Anaulaceae_Anaulus_Anaulus_australis
Eukaryota_Bacillariophyta_Mediophyceae_Hemiaulales_Hemiaulaceae_Eucampia_Eucampia_zodiacus
Eukaryota_Bacillariophyta_Mediophyceae_Lithodesmiales_Lithodesmiaceae
Eukaryota_Bacillariophyta_Mediophyceae_Toxariales_Toxariaceae_Toxarium_Toxarium_undulatum
Eukaryota_Bacillariophyta_Mediophyceae_Triceratiales
Eukaryota_Basidiomycota_Agaricomycetes_Agaricales
Eukaryota_Basidiomycota_Agaricomycetes_Boletales
Eukaryota_Basidiomycota_Agaricomycetes_Cantharellales
Eukaryota_Basidiomycota_Agaricomycetes_Geastrales_Sphaerobolaceae_Sphaerobolus_Sphaerobolus_stellatus
Eukaryota_Basidiomycota_Agaricomycetes_Gomphales_Gomphaceae_Turbinellus_Turbinellus_floccosus
Eukaryota_Basidiomycota_Agaricomycetes_Hymenochaetales
Eukaryota_Basidiomycota_Agaricomycetes_Phallales_Phallaceae
Eukaryota_Basidiomycota_Agaricomycetes_Polyporales
Eukaryota_Basidiomycota_Agaricomycetes_Russulales
Eukaryota_Basidiomycota_Agaricomycetes_Sebacinales_Serendipitaceae_Serendipita_Serendipita_indica
Eukaryota_Basidiomycota_Agaricomycetes_Thelephorales_Thelephoraceae
Eukaryota_Basidiomycota_Cystobasidiomycetes_Cystobasidiales_Cystobasidiaceae_Cystobasidium_Cystobasidium_sp
Eukaryota_Basidiomycota_Exobasidiomycetes_Microstromatales_Jaminaea_Jaminaea_Jaminaea_angkorensis
Eukaryota_Basidiomycota_Exobasidiomycetes_Tilletiales_Tilletiaceae_Tilletia
Eukaryota_Basidiomycota_Malasseziomycetes_Malasseziales_Malasseziaceae_Malassezia
Eukaryota_Basidiomycota_Microbotryomycetes_Microbotryales_Microbotryaceae_Microbotryum_Microbotryum_lychnidisdioicae
Eukaryota_Basidiomycota_Microbotryomycetes_Sporidiobolales_Sporidiobolaceae_Rhodotorula
Eukaryota_Basidiomycota_Pucciniomycetes_Pucciniales
Eukaryota_Basidiomycota_Tremellomycetes_Cystofilobasidiales_Mrakiaceae_Phaffia_Phaffia_rhodozyma
Eukaryota_Basidiomycota_Tremellomycetes_Tremellales
Eukaryota_Basidiomycota_Ustilaginomycetes_Ustilaginales_Ustilaginaceae
Eukaryota_Bigyra_Bigyra_Bicosoecida
Eukaryota_Bigyra_Bigyra_Thraustochytrida_Thraustochytriaceae
Eukaryota_Blastocladiomycota_Blastocladiomycetes_Blastocladiales_Blastocladiaceae
Eukaryota_Bolidophyceae_Bolidophyceae_Parmales_Triparmaceae_Triparma_Triparma_laevis
Eukaryota_Brachiopoda_Craniata_Craniida_Craniidae
Eukaryota_Brachiopoda_Lingulata_Lingulida_Lingulidae
Eukaryota_Brachiopoda_Rhynchonellata_Rhynchonellida
Eukaryota_Brachiopoda_Rhynchonellata_Terebratulida
Eukaryota_Bryozoa_Gymnolaemata_Cheilostomatida
Eukaryota_Bryozoa_Gymnolaemata_Ctenostomatida
Eukaryota_Bryozoa_Phylactolaemata_Cristatellidae_Cristatellidae_Cristatella_Cristatella_mucedo
Eukaryota_Bryozoa_Phylactolaemata_Fredericellidae_Fredericellidae_Fredericella_Fredericella_sultana
Eukaryota_Bryozoa_Phylactolaemata_Lophopodidae_Lophopodidae
Eukaryota_Bryozoa_Phylactolaemata_Pectinatellidae_Pectinatellidae_Pectinatella_Pectinatella_magnifica
Eukaryota_Bryozoa_Phylactolaemata_Plumatellidae_Plumatellidae
Eukaryota_Bryozoa_Stenolaemata_Cyclostomatida
Eukaryota_Bryozoa_Stenolaemata_Tubuliporida_Tubuliporidae
Eukaryota_Cercozoa_Chlorarachniophyceae_Bigelowiella_Bigelowiella_Bigelowiella_Bigelowiella_natans
Eukaryota_Cercozoa_Chlorarachniophyceae_Chlorarachnion_Chlorarachnion_Chlorarachnion_Chlorarachnion_reptans
Eukaryota_Cercozoa_Chlorarachniophyceae_Lotharella_Lotharella_Lotharella_Lotharella_oceanica
Eukaryota_Chaetognatha_Sagittoidea_Aphragmophora
Eukaryota_Chaetognatha_Sagittoidea_Monophragmophora_Heterokrohniidae_Heterokrohnia_Heterokrohnia_mirabilis
Eukaryota_Chaetognatha_Sagittoidea_Phragmophora
Eukaryota_Chlorophyta_Chlorodendrophyceae_Chlorodendrales_Chlorodendraceae
Eukaryota_Chlorophyta_Chlorophyceae_Chaetophorales_Chaetophoraceae_Stigeoclonium_Stigeoclonium_helveticum
Eukaryota_Chlorophyta_Chlorophyceae_Chlamydomonadales
Eukaryota_Chlorophyta_Chlorophyceae_Chlorosarcinales_Chlorosarcinaceae_Chlorosarcinopsis_Chlorosarcinopsis_eremi
Eukaryota_Chlorophyta_Chlorophyceae_Jenufa_Jenufa_Jenufa
Eukaryota_Chlorophyta_Chlorophyceae_Microsporaceae_Microsporaceae_Microspora_Microspora_stagnorum
Eukaryota_Chlorophyta_Chlorophyceae_Oedogoniales_Oedogoniaceae_Bulbochaete_Bulbochaete_rectangularis
Eukaryota_Chlorophyta_Chlorophyceae_Protosiphonales_Protosiphonaceae_Protosiphon_Protosiphon_botryoides
Eukaryota_Chlorophyta_Chlorophyceae_Sphaeropleales
Eukaryota_Chlorophyta_Chloropicophyceae_Chloropicales_Chloropicaceae
Eukaryota_Chlorophyta_Mamiellophyceae_Dolichomastigales
Eukaryota_Chlorophyta_Mamiellophyceae_Mamiellales
Eukaryota_Chlorophyta_Mamiellophyceae_Monomastigales_Monomastigaceae_Monomastix_Monomastix_minuta
Eukaryota_Chlorophyta_Nephroselmidophyceae_Nephroselmidales_Nephroselmidaceae_Nephroselmis
Eukaryota_Chlorophyta_Palmophyllophyceae_Prasinococcales_Prasinococcaceae
Eukaryota_Chlorophyta_Pedinophyceae_Pedinomonadales_Pedinomonadaceae_Pedinomonas_Pedinomonas_minor
Eukaryota_Chlorophyta_Picocystophyceae_Picocystales_Picocystaceae_Picocystis_Picocystis_salinarum
Eukaryota_Chlorophyta_Pycnococcaceae_Pycnococcaceae_Pycnococcaceae_Pycnococcus_Pycnococcus_provasolii
Eukaryota_Chlorophyta_Pyramimonadophyceae_Pyramimonadales_Pyramimonadaceae
Eukaryota_Chlorophyta_Tetraedoron_Tetraedoron_Tetraedoron_Tetraedoron_Tetraedoron_bitridens
Eukaryota_Chlorophyta_Trebouxiophyceae_Botryococcus_Botryococcus_Botryococcus_Botryococcus_braunii
Eukaryota_Chlorophyta_Trebouxiophyceae_Chlorellales_Chlorellaceae
Eukaryota_Chlorophyta_Trebouxiophyceae_Chloroidium_Chloroidium_Chloroidium_Chloroidium_saccharophilum
Eukaryota_Chlorophyta_Trebouxiophyceae_Coccomyxa_Coccomyxa_Coccomyxa_Coccomyxa_subellipsoidea
Eukaryota_Chlorophyta_Trebouxiophyceae_Jaagichlorella_Jaagichlorella_Jaagichlorella
Eukaryota_Chlorophyta_Trebouxiophyceae_Prasiolales_Prasiolaceae_Prasiola_Prasiola_crispa
Eukaryota_Chlorophyta_Trebouxiophyceae_Trebouxiales_Trebouxiaceae
Eukaryota_Chlorophyta_Ulvophyceae_Bryopsidales
Eukaryota_Chlorophyta_Ulvophyceae_Cladophorales_Pithophoraceae_Pithophora_Pithophora_roettleri
Eukaryota_Chlorophyta_Ulvophyceae_Oltmannsiellopsidales_Oltmannsiellopsidaceae_Oltmannsiellopsis_Oltmannsiellopsis_viridis
Eukaryota_Chlorophyta_Ulvophyceae_Ulotrichales
Eukaryota_Chlorophyta_Ulvophyceae_Ulvales_Ulvaceae_Ulva
Eukaryota_Choanoflagellata_Choanoflagellata_Craspedida_Salpingoecidae_Monosiga_Monosiga_brevicollis
Eukaryota_Chordata_Actinopteri_Acanthuriformes
Eukaryota_Chordata_Actinopteri_Acipenseriformes
Eukaryota_Chordata_Actinopteri_Albuliformes_Albulidae
Eukaryota_Chordata_Actinopteri_Alepocephaliformes
Eukaryota_Chordata_Actinopteri_Ambassidae_Ambassidae
Eukaryota_Chordata_Actinopteri_Amiiformes_Amiidae_Amia_Amia_calva
Eukaryota_Chordata_Actinopteri_Anabantiformes
Eukaryota_Chordata_Actinopteri_Anguilliformes
Eukaryota_Chordata_Actinopteri_Argentiniformes
Eukaryota_Chordata_Actinopteri_Ateleopodiformes_Ateleopodidae
Eukaryota_Chordata_Actinopteri_Atheriniformes
Eukaryota_Chordata_Actinopteri_Aulopiformes
Eukaryota_Chordata_Actinopteri_Batrachoidiformes_Batrachoididae
Eukaryota_Chordata_Actinopteri_Beloniformes
Eukaryota_Chordata_Actinopteri_Beryciformes
Eukaryota_Chordata_Actinopteri_Blenniiformes
Eukaryota_Chordata_Actinopteri_Callanthiidae_Callanthiidae_Callanthias
Eukaryota_Chordata_Actinopteri_Caproiformes_Caproidae
Eukaryota_Chordata_Actinopteri_Carangiformes
Eukaryota_Chordata_Actinopteri_Centrarchiformes
Eukaryota_Chordata_Actinopteri_Centrogenyidae_Centrogenyidae_Centrogenys_Centrogenys_vaigiensis
Eukaryota_Chordata_Actinopteri_Centropomidae_Centropomidae
Eukaryota_Chordata_Actinopteri_Chaetodontiformes
Eukaryota_Chordata_Actinopteri_Characiformes
Eukaryota_Chordata_Actinopteri_Cichliformes
Eukaryota_Chordata_Actinopteri_Clupeiformes
Eukaryota_Chordata_Actinopteri_Congrogadidae_Congrogadidae
Eukaryota_Chordata_Actinopteri_Cypriniformes
Eukaryota_Chordata_Actinopteri_Cyprinodontiformes
Eukaryota_Chordata_Actinopteri_Dinolestidae_Dinolestidae_Dinolestes_Dinolestes_lewini
Eukaryota_Chordata_Actinopteri_Dinopercidae_Dinopercidae_Dinoperca_Dinoperca_petersi
Eukaryota_Chordata_Actinopteri_Elopiformes
Eukaryota_Chordata_Actinopteri_Embiotocidae_Embiotocidae
Eukaryota_Chordata_Actinopteri_Emmelichthyidae_Emmelichthyidae
Eukaryota_Chordata_Actinopteri_Ephippiformes
Eukaryota_Chordata_Actinopteri_Esociformes
Eukaryota_Chordata_Actinopteri_Gadiformes
Eukaryota_Chordata_Actinopteri_Galaxiiformes_Galaxiidae
Eukaryota_Chordata_Actinopteri_Gerreiformes_Gerreidae
Eukaryota_Chordata_Actinopteri_Gobiiformes
Eukaryota_Chordata_Actinopteri_Gonorynchiformes
Eukaryota_Chordata_Actinopteri_Grammatidae_Grammatidae
Eukaryota_Chordata_Actinopteri_Gymnotiformes
Eukaryota_Chordata_Actinopteri_Hiodontiformes_Hiodontidae_Hiodon
Eukaryota_Chordata_Actinopteri_Holocentriformes_Holocentridae
Eukaryota_Chordata_Actinopteri_Istiophoriformes
Eukaryota_Chordata_Actinopteri_Kurtiformes
Eukaryota_Chordata_Actinopteri_Labriformes
Eukaryota_Chordata_Actinopteri_Lactariidae_Lactariidae_Lactarius_Lactarius_lactarius
Eukaryota_Chordata_Actinopteri_Lampriformes
Eukaryota_Chordata_Actinopteri_Lepidogalaxiiformes_Lepidogalaxias_Lepidogalaxias_Lepidogalaxias_salamandroides
Eukaryota_Chordata_Actinopteri_Leptobramidae_Leptobramidae_Leptobrama_Leptobrama_muelleri
Eukaryota_Chordata_Actinopteri_Lobotiformes
Eukaryota_Chordata_Actinopteri_Lophiiformes
Eukaryota_Chordata_Actinopteri_Lutjaniformes
Eukaryota_Chordata_Actinopteri_Malacanthidae_Malacanthidae
Eukaryota_Chordata_Actinopteri_Menidae_Menidae_Mene_Mene_maculata
Eukaryota_Chordata_Actinopteri_Monodactylidae_Monodactylidae_Monodactylus
Eukaryota_Chordata_Actinopteri_Moronidae_Moronidae
Eukaryota_Chordata_Actinopteri_Mugiliformes_Mugilidae
Eukaryota_Chordata_Actinopteri_Myctophiformes
Eukaryota_Chordata_Actinopteri_Notacanthiformes
Eukaryota_Chordata_Actinopteri_Ophidiiformes
Eukaryota_Chordata_Actinopteri_Opistognathidae_Opistognathidae
Eukaryota_Chordata_Actinopteri_Osmeriformes
Eukaryota_Chordata_Actinopteri_Osteoglossiformes
Eukaryota_Chordata_Actinopteri_Parascorpididae_Parascorpididae_Parascorpis_Parascorpis_typus
Eukaryota_Chordata_Actinopteri_Pempheriformes
Eukaryota_Chordata_Actinopteri_Perciformes
Eukaryota_Chordata_Actinopteri_Percopsiformes
Eukaryota_Chordata_Actinopteri_Plesiopidae_Plesiopidae
Eukaryota_Chordata_Actinopteri_Pleuronectiformes
Eukaryota_Chordata_Actinopteri_Polycentridae_Polycentridae
Eukaryota_Chordata_Actinopteri_Polymixiiformes_Polymixiidae_Polymixia
Eukaryota_Chordata_Actinopteri_Polynemidae_Polynemidae
Eukaryota_Chordata_Actinopteri_Pomacanthidae_Pomacanthidae
Eukaryota_Chordata_Actinopteri_Pomacentridae_Pomacentridae
Eukaryota_Chordata_Actinopteri_Priacanthiformes
Eukaryota_Chordata_Actinopteri_Pseudochromidae_Pseudochromidae
Eukaryota_Chordata_Actinopteri_Salmoniformes_Salmonidae
Eukaryota_Chordata_Actinopteri_Scatophagidae_Scatophagidae
Eukaryota_Chordata_Actinopteri_Sciaenidae_Sciaenidae
Eukaryota_Chordata_Actinopteri_Scombriformes
Eukaryota_Chordata_Actinopteri_Semionotiformes_Lepisosteidae
Eukaryota_Chordata_Actinopteri_Siganidae_Siganidae_Siganus
Eukaryota_Chordata_Actinopteri_Sillaginidae_Sillaginidae
Eukaryota_Chordata_Actinopteri_Siluriformes
Eukaryota_Chordata_Actinopteri_Spariformes
Eukaryota_Chordata_Actinopteri_Sphyraenidae_Sphyraenidae_Sphyraena
Eukaryota_Chordata_Actinopteri_Stomiiformes
Eukaryota_Chordata_Actinopteri_Stylephoriformes_Stylephoridae_Stylephorus_Stylephorus_chordatus
Eukaryota_Chordata_Actinopteri_Synbranchiformes
Eukaryota_Chordata_Actinopteri_Syngnathiformes
Eukaryota_Chordata_Actinopteri_Tetraodontiformes
Eukaryota_Chordata_Actinopteri_Toxotidae_Toxotidae_Toxotes
Eukaryota_Chordata_Actinopteri_Trachichthyiformes
Eukaryota_Chordata_Actinopteri_Uranoscopiformes
Eukaryota_Chordata_Actinopteri_Zeiformes
Eukaryota_Chordata_Amphibia_Anura
Eukaryota_Chordata_Amphibia_Caudata
Eukaryota_Chordata_Amphibia_Gymnophiona
Eukaryota_Chordata_Appendicularia_Copelata_Oikopleuridae
Eukaryota_Chordata_Ascidiacea_Enterogona
Eukaryota_Chordata_Ascidiacea_Stolidobranchia
Eukaryota_Chordata_Aves_Accipitriformes
Eukaryota_Chordata_Aves_Anseriformes
Eukaryota_Chordata_Aves_Apodiformes
Eukaryota_Chordata_Aves_Apterygiformes_Apterygidae_Apteryx
Eukaryota_Chordata_Aves_Bucerotiformes
Eukaryota_Chordata_Aves_Caprimulgiformes
Eukaryota_Chordata_Aves_Cariamiformes_Cariamidae_Cariama_Cariama_cristata
Eukaryota_Chordata_Aves_Casuariiformes
Eukaryota_Chordata_Aves_Charadriiformes
Eukaryota_Chordata_Aves_Ciconiiformes
Eukaryota_Chordata_Aves_Coliiformes_Coliidae_Colius_Colius_striatus
Eukaryota_Chordata_Aves_Columbiformes
Eukaryota_Chordata_Aves_Coraciiformes
Eukaryota_Chordata_Aves_Cuculiformes
Eukaryota_Chordata_Aves_Dinornithiformes
Eukaryota_Chordata_Aves_Falconiformes_Falconidae
Eukaryota_Chordata_Aves_Galbuliformes
Eukaryota_Chordata_Aves_Galliformes
Eukaryota_Chordata_Aves_Gaviiformes_Gaviidae_Gavia
Eukaryota_Chordata_Aves_Gruiformes
Eukaryota_Chordata_Aves_Musophagiformes_Musophagidae
Eukaryota_Chordata_Aves_Opisthocomiformes_Opisthocomidae_Opisthocomus_Opisthocomus_hoazin
Eukaryota_Chordata_Aves_Passeriformes
Eukaryota_Chordata_Aves_Pelecaniformes
Eukaryota_Chordata_Aves_Phoenicopteriformes_Phoenicopteridae
Eukaryota_Chordata_Aves_Piciformes
Eukaryota_Chordata_Aves_Podicipediformes_Podicipedidae
Eukaryota_Chordata_Aves_Procellariiformes
Eukaryota_Chordata_Aves_Psittaciformes
Eukaryota_Chordata_Aves_Rheiformes_Rheidae
Eukaryota_Chordata_Aves_Sphenisciformes_Spheniscidae
Eukaryota_Chordata_Aves_Strigiformes
Eukaryota_Chordata_Aves_Struthioniformes
Eukaryota_Chordata_Aves_Tinamiformes_Tinamidae
Eukaryota_Chordata_Aves_Trogoniformes_Trogonidae
Eukaryota_Chordata_Aves_Upupiformes
Eukaryota_Chordata_Chondrichthyes_Carcharhiniformes
Eukaryota_Chordata_Chondrichthyes_Chimaeriformes
Eukaryota_Chordata_Chondrichthyes_Echinorhiniformes_Echinorhinidae_Echinorhinus
Eukaryota_Chordata_Chondrichthyes_Heterodontiformes_Heterodontidae_Heterodontus
Eukaryota_Chordata_Chondrichthyes_Hexanchiformes
Eukaryota_Chordata_Chondrichthyes_Lamniformes
Eukaryota_Chordata_Chondrichthyes_Myliobatiformes
Eukaryota_Chordata_Chondrichthyes_Orectolobiformes
Eukaryota_Chordata_Chondrichthyes_Platyrhinidae_Platyrhinidae
Eukaryota_Chordata_Chondrichthyes_PristiformesRhiniformes_group
Eukaryota_Chordata_Chondrichthyes_Pristiophoridae_Pristiophoridae
Eukaryota_Chordata_Chondrichthyes_Rajiformes
Eukaryota_Chordata_Chondrichthyes_Squaliformes
Eukaryota_Chordata_Chondrichthyes_Squatinidae_Squatinidae_Squatina
Eukaryota_Chordata_Chondrichthyes_Torpediniformes
Eukaryota_Chordata_Cladistia_Polypteriformes_Polypteridae
Eukaryota_Chordata_Coelacanthimorpha_Coelacanthiformes_Coelacanthidae_Latimeria
Eukaryota_Chordata_Crocodylia_Crocodylia
Eukaryota_Chordata_Dipnoi_Ceratodontiformes_Ceratodontidae_Neoceratodus_Neoceratodus_forsteri
Eukaryota_Chordata_Dipnoi_Lepidosireniformes
Eukaryota_Chordata_Hyperoartia_Petromyzontiformes
Eukaryota_Chordata_Lepidosauria_Sphenodontia_Sphenodontidae_Sphenodon_Sphenodon_punctatus
Eukaryota_Chordata_Lepidosauria_Squamata
Eukaryota_Chordata_Leptocardii_Amphioxiformes_Branchiostomidae
Eukaryota_Chordata_Mammalia_Artiodactyla
Eukaryota_Chordata_Mammalia_Carnivora
Eukaryota_Chordata_Mammalia_Chiroptera
Eukaryota_Chordata_Mammalia_Chrysochloridae_Chrysochloridae
Eukaryota_Chordata_Mammalia_Cingulata
Eukaryota_Chordata_Mammalia_Dasyuromorphia
Eukaryota_Chordata_Mammalia_Dermoptera_Cynocephalidae_Galeopterus_Galeopterus_variegatus
Eukaryota_Chordata_Mammalia_Didelphimorphia_Didelphidae
Eukaryota_Chordata_Mammalia_Diprotodontia
Eukaryota_Chordata_Mammalia_Eulipotyphla
Eukaryota_Chordata_Mammalia_Hyracoidea_Procaviidae
Eukaryota_Chordata_Mammalia_Lagomorpha
Eukaryota_Chordata_Mammalia_Macroscelidea_Macroscelididae
Eukaryota_Chordata_Mammalia_Microbiotheria_Microbiotheriidae_Dromiciops_Dromiciops_gliroides
Eukaryota_Chordata_Mammalia_Monotremata
Eukaryota_Chordata_Mammalia_Notoryctemorphia_Notoryctidae_Notoryctes
Eukaryota_Chordata_Mammalia_Paucituberculata_Caenolestidae
Eukaryota_Chordata_Mammalia_Peramelemorphia
Eukaryota_Chordata_Mammalia_Perissodactyla
Eukaryota_Chordata_Mammalia_Pholidota_Manidae
Eukaryota_Chordata_Mammalia_Pilosa
Eukaryota_Chordata_Mammalia_Primates
Eukaryota_Chordata_Mammalia_Proboscidea_Elephantidae
Eukaryota_Chordata_Mammalia_Rodentia
Eukaryota_Chordata_Mammalia_Scandentia_Tupaiidae_Tupaia
Eukaryota_Chordata_Mammalia_Sirenia
Eukaryota_Chordata_Mammalia_Tenrecidae_Tenrecidae_Echinops_Echinops_telfairi
Eukaryota_Chordata_Mammalia_Tubulidentata_Orycteropodidae_Orycteropus_Orycteropus_afer
Eukaryota_Chordata_Myxini_Myxiniformes_Myxinidae
Eukaryota_Chordata_Testudines_Testudines
Eukaryota_Chordata_Thaliacea_Doliolida_Doliolidae_Doliolum_Doliolum_nationalis
Eukaryota_Chordata_Thaliacea_Pyrosomata_Pyrosomatidae_Pyrostremma_Pyrostremma_spinosum
Eukaryota_Chordata_Thaliacea_Salpida_Salpidae
Eukaryota_Chromeraceae_Chromeraceae_Chromeraceae_Chromeraceae_Chromera_Chromera_velia
Eukaryota_Chrysoparadoxa_Chrysoparadoxa_Chrysoparadoxa_Chrysoparadoxa_Chrysoparadoxa_Chrysoparadoxa_australica
Eukaryota_Chrysophyceae_Chrysophyceae_Apoikiaceae_Apoikiaceae_Apoikiospumella_Apoikiospumella_mondseeiensis
Eukaryota_Chrysophyceae_Chrysophyceae_Chromulinales
Eukaryota_Chrysophyceae_Chrysophyceae_Hibberdiales_Hibberdiaceae_Hibberdia_Hibberdia_magna
Eukaryota_Chrysophyceae_Chrysophyceae_Segregatospumella_Segregatospumella_Segregatospumella
Eukaryota_Chytridiomycota_Chytridiomycetes_Chytridiales_Chytriomycetaceae_Chytriomyces_Chytriomyces_confervae
Eukaryota_Chytridiomycota_Chytridiomycetes_Spizellomycetales
Eukaryota_Chytridiomycota_Chytridiomycetes_Synchytriales_Synchytriaceae_Synchytrium
Eukaryota_Chytridiomycota_Monoblepharidomycetes_Monoblepharidales_Hyaloraphidium_Hyaloraphidium_Hyaloraphidium_curvatum
Eukaryota_Ciliophora_Colpodea_Colpodida_Marynidae_Maryna_Maryna_umbrellata
Eukaryota_Ciliophora_Cryptocaryon_Cryptocaryon_Cryptocaryon_Cryptocaryon_Cryptocaryon_irritans
Eukaryota_Ciliophora_Heterotrichea_Heterotrichida
Eukaryota_Ciliophora_Karyorelictea_Protoheterotrichida_Geleiidae_Corlissina_Corlissina_maricaensis
Eukaryota_Ciliophora_Nassophorea_Microthoracida_Microthoracidae_Drepanomonas_Drepanomonas_revoluta
Eukaryota_Ciliophora_Oligohymenophorea_Apostomatida_Colliniidae
Eukaryota_Ciliophora_Oligohymenophorea_Hymenostomatida
Eukaryota_Ciliophora_Oligohymenophorea_Peniculida
Eukaryota_Ciliophora_Oligohymenophorea_Philasterida
Eukaryota_Ciliophora_Oligohymenophorea_Pleuronematida
Eukaryota_Ciliophora_Oligohymenophorea_Sessilida
Eukaryota_Ciliophora_Oligohymenophorea_Thigmotrichida_Ancistridae_Ancistrum_Ancistrum_crassum
Eukaryota_Ciliophora_Spirotrichea_Euplotida
Eukaryota_Ciliophora_Spirotrichea_Kiitrichida_Kiitrichidae_Caryotricha_Caryotricha_marina
Eukaryota_Ciliophora_Spirotrichea_Pseudoamphisiellida_Pseudoamphisiella_Pseudoamphisiella_Pseudoamphisiella_alveolata
Eukaryota_Ciliophora_Spirotrichea_Sporadotrichida
Eukaryota_Ciliophora_Spirotrichea_Stichotrichida
Eukaryota_Ciliophora_Spirotrichea_Tintinnida
Eukaryota_Ciliophora_Spirotrichea_Urostylida
Eukaryota_Cnidaria_Anthozoa_Actiniaria
Eukaryota_Cnidaria_Anthozoa_Alcyonacea
Eukaryota_Cnidaria_Anthozoa_Antipatharia
Eukaryota_Cnidaria_Anthozoa_Ceriantharia
Eukaryota_Cnidaria_Anthozoa_Corallimorpharia
Eukaryota_Cnidaria_Anthozoa_Helioporacea
Eukaryota_Cnidaria_Anthozoa_Pennatulacea
Eukaryota_Cnidaria_Anthozoa_Relicanthidae_Relicanthidae_Relicanthus_Relicanthus_daphneae
Eukaryota_Cnidaria_Anthozoa_Scleractinia
Eukaryota_Cnidaria_Anthozoa_Zoantharia
Eukaryota_Cnidaria_Cubozoa_Carybdeida
Eukaryota_Cnidaria_Cubozoa_Chirodropida
Eukaryota_Cnidaria_Hydrozoa_Anthoathecata
Eukaryota_Cnidaria_Hydrozoa_Leptothecata
Eukaryota_Cnidaria_Hydrozoa_Limnomedusae
Eukaryota_Cnidaria_Hydrozoa_Narcomedusae
Eukaryota_Cnidaria_Hydrozoa_Siphonophorae
Eukaryota_Cnidaria_Hydrozoa_Trachymedusae
Eukaryota_Cnidaria_Myxozoa_Bivalvulida_Enteromyxidae_Enteromyxum_Enteromyxum_leei
Eukaryota_Cnidaria_Myxozoa_Malacovalvulida_Saccosporidae
Eukaryota_Cnidaria_Myxozoa_Multivalvulida_Kudoidae_Kudoa
Eukaryota_Cnidaria_Scyphozoa_Coronatae
Eukaryota_Cnidaria_Scyphozoa_Rhizostomeae
Eukaryota_Cnidaria_Scyphozoa_Semaeostomeae
Eukaryota_Cnidaria_Staurozoa_Stauromedusae
Eukaryota_Collodictyonidae_Collodictyonidae_Collodictyonidae_Collodictyonidae_Diphylleia_Diphylleia_rotans
Eukaryota_Colponemida_Colponemida_Colponemida
Eukaryota_Cryptomycota_Rozella_Rozella_Rozella_Rozella_Rozella_allomycis
Eukaryota_Cryptophyceae_Cryptophyceae_Cryptomonadales
Eukaryota_Cryptophyceae_Cryptophyceae_Cyathomonadacea
Eukaryota_Cryptophyceae_Cryptophyceae_Kathablepharidacea_Katablepharidaceae_Leucocryptos_Leucocryptos_marina
Eukaryota_Cryptophyceae_Cryptophyceae_Pyrenomonadales
Eukaryota_Ctenophora_Nuda_Beroida_Beroidae_Beroe
Eukaryota_Ctenophora_Tentaculata_Cydippida_Pleurobrachiidae
Eukaryota_Ctenophora_Tentaculata_Lobata_Bolinopsidae_Mnemiopsis_Mnemiopsis_leidyi
Eukaryota_Ctenophora_Tentaculata_Platyctenida_Coeloplanidae
Eukaryota_Cycliophora_Symbion_Symbion_Symbion_Symbion
Eukaryota_Dictyochophyceae_Dictyochophyceae_Dictyochales
Eukaryota_Dictyochophyceae_Dictyochophyceae_Florenciellales_Pseudochattonella_Pseudochattonella
Eukaryota_Dictyochophyceae_Dictyochophyceae_Pedinellales_Pseudopedinella_Pseudopedinella_Pseudopedinella_elastica
Eukaryota_Dicyemida_Dicyemidae_Dicyemidae_Dicyemidae
Eukaryota_Dinophyceae_Dinophyceae_Dinophysiales_Dinophysiaceae
Eukaryota_Dinophyceae_Dinophyceae_Gonyaulacales
Eukaryota_Dinophyceae_Dinophyceae_Gymnodiniales
Eukaryota_Dinophyceae_Dinophyceae_Levanderina_Levanderina_Levanderina_Levanderina_fissa
Eukaryota_Dinophyceae_Dinophyceae_Noctilucales_Noctilucaceae_Noctiluca_Noctiluca_scintillans
Eukaryota_Dinophyceae_Dinophyceae_Oxyrrhinales_Oxyrrhinaceae_Oxyrrhis
Eukaryota_Dinophyceae_Dinophyceae_Pellucidodinium_Pellucidodinium_Pellucidodinium_Pellucidodinium_psammophilum
Eukaryota_Dinophyceae_Dinophyceae_Peridiniales
Eukaryota_Dinophyceae_Dinophyceae_Phytodiniales_Phytodiniaceae_Spiniferodinium
Eukaryota_Dinophyceae_Dinophyceae_Prorocentrales_Prorocentraceae
Eukaryota_Dinophyceae_Dinophyceae_Pyrocystales_Pyrocystaceae_Pyrocystis
Eukaryota_Dinophyceae_Dinophyceae_Suessiales
Eukaryota_Dinophyceae_Dinophyceae_Syndiniales_Syndiniaceae_Hematodinium_Hematodinium_sp
Eukaryota_Dinophyceae_Dinophyceae_Thoracosphaerales_Thoracosphaeraceae
Eukaryota_Discosea_Flabellinia_Dactylopodida
Eukaryota_Discosea_Flabellinia_Vannellidae_Vannellidae
Eukaryota_Discosea_Himatismenida_Himatismenida
Eukaryota_Discosea_Longamoebia_Longamoebia
Eukaryota_Echinodermata_Asteroidea_Brisingida
Eukaryota_Echinodermata_Asteroidea_Forcipulatida
Eukaryota_Echinodermata_Asteroidea_Notomyotida_Benthopectinidae
Eukaryota_Echinodermata_Asteroidea_Paxillosida
Eukaryota_Echinodermata_Asteroidea_Peripodida_Xyloplacidae_Xyloplax_Xyloplax_janetae
Eukaryota_Echinodermata_Asteroidea_Spinulosida
Eukaryota_Echinodermata_Asteroidea_Valvatida
Eukaryota_Echinodermata_Asteroidea_Velatida
Eukaryota_Echinodermata_Crinoidea_Bourgueticrinida
Eukaryota_Echinodermata_Crinoidea_Comatulida
Eukaryota_Echinodermata_Crinoidea_Cyrtocrinida
Eukaryota_Echinodermata_Crinoidea_Hyocrinida_Hyocrinidae
Eukaryota_Echinodermata_Crinoidea_Isocrinida
Eukaryota_Echinodermata_Echinoidea_Arbacoida_Arbaciidae
Eukaryota_Echinodermata_Echinoidea_Cassiduloida_Echinolampadidae_Conolampas_Conolampas_sigsbei
Eukaryota_Echinodermata_Echinoidea_Cidaroida
Eukaryota_Echinodermata_Echinoidea_Clypeasteroida
Eukaryota_Echinodermata_Echinoidea_Diadematoida_Diadematidae
Eukaryota_Echinodermata_Echinoidea_Echinoida
Eukaryota_Echinodermata_Echinoidea_Echinothurioida
Eukaryota_Echinodermata_Echinoidea_Holasteroida_Echinocrepis_Echinocrepis_Echinocrepis_rostrata
Eukaryota_Echinodermata_Echinoidea_Micropygoida_Micropygidae_Micropyga_Micropyga_tuberculata
Eukaryota_Echinodermata_Echinoidea_Pedinoida_Caenopedina_Caenopedina
Eukaryota_Echinodermata_Echinoidea_Phymosomatoida
Eukaryota_Echinodermata_Echinoidea_Salenioida_Saleniidae
Eukaryota_Echinodermata_Echinoidea_Spatangoida
Eukaryota_Echinodermata_Echinoidea_Temnopleuroida
Eukaryota_Echinodermata_Holothuroidea_Apodida
Eukaryota_Echinodermata_Holothuroidea_Aspidochirotida
Eukaryota_Echinodermata_Holothuroidea_Dendrochirotida
Eukaryota_Echinodermata_Holothuroidea_Elasipodida
Eukaryota_Echinodermata_Holothuroidea_Molpadida
Eukaryota_Echinodermata_Ophiuroidea_Euryalida
Eukaryota_Echinodermata_Ophiuroidea_Ophiurida
Eukaryota_Endomyxa_classPlasmodiophorida_Plasmodiophorida_Plasmodiophoridae_Plasmodiophora_Plasmodiophora_brassicae
Eukaryota_Endomyxa_Plasmodiophorida_Plasmodiophorida_Plasmodiophoridae_Spongospora_Spongospora_subterranea
Eukaryota_Entoprocta_Barentsiidae_Barentsiidae_Barentsiidae_Barentsia
Eukaryota_Entoprocta_Loxosomatidae_Loxosomatidae_Loxosomatidae
Eukaryota_Entoprocta_Pedicellinidae_Pedicellinidae_Pedicellinidae
Eukaryota_Euglenozoa_Diplonemea_Diplonemea
Eukaryota_Euglenozoa_Euglenida_Euglenales
Eukaryota_Euglenozoa_Euglenida_Eutreptiales_Eutreptiella_Eutreptiella_Eutreptiella_gymnastica
Eukaryota_Euglenozoa_Kinetoplastea_Parabodonida_Trypanoplasma_Trypanoplasma_Trypanoplasma_borreli
Eukaryota_Euglenozoa_Kinetoplastea_Trypanosomatida_Trypanosomatidae
Eukaryota_Eustigmatophyceae_Eustigmatophyceae_Eustigmatales
Eukaryota_Eustigmatophyceae_Eustigmatophyceae_Goniochloridales_Trachydiscus_Trachydiscus_Trachydiscus_minutus
Eukaryota_Evosea_Eumycetozoa_Dictyosteliales_Dictyosteliaceae_Dictyostelium
Eukaryota_Evosea_Eumycetozoa_Echinosteliales_Clastodermataceae_Clastoderma_Clastoderma_debaryanum
Eukaryota_Evosea_Eumycetozoa_Physariida
Eukaryota_Evosea_Eumycetozoa_Stemonitida_Stemonitidae_Stemonitis_Stemonitis_flavogenita
Eukaryota_Evosea_Eumycetozoa_Trichiida_Trichiidae_Arcyria_Arcyria_cinerea
Eukaryota_Evosea_Squamamoeba_Squamamoeba_Squamamoeba_Squamamoeba_Squamamoeba_japonica
Eukaryota_Evosea_Variosea_Cavosteliida_Cavosteliaceae_Planoprotostelium_Planoprotostelium_fungivorum
Eukaryota_Evosea_Variosea_Protosteliida_Protosteliaceae_Protostelium_Protostelium_mycophagum
Eukaryota_Filasterea_Filasterea_Capsaspora_Capsaspora_Capsaspora_Capsaspora_owczarzaki
Eukaryota_Filasterea_Filasterea_Ministeria_Ministeria_Ministeria_Ministeria_vibrans
Eukaryota_Gastrotricha_Chaetonotida_Chaetonotida
Eukaryota_Gastrotricha_Macrodasyida_Macrodasyida
Eukaryota_Glaucocystophyceae_Glaucocystophyceae_Cyanophoraceae_Cyanophoraceae_Cyanophora
Eukaryota_Glaucocystophyceae_Glaucocystophyceae_Cyanoptyche_Cyanoptyche_Cyanoptyche_Cyanoptyche_gloeocystis
Eukaryota_Glaucocystophyceae_Glaucocystophyceae_Glaucocystales_Glaucocystaceae_Glaucocystis_Glaucocystis_nostochinearum
Eukaryota_Glaucocystophyceae_Glaucocystophyceae_Gloeochaetales_Gloeochaetaceae_Gloeochaete_Gloeochaete_wittrockiana
Eukaryota_Gnathostomulida_Bursovaginoidea_Bursovaginoidea
Eukaryota_Gnathostomulida_Filospermoidea_Filospermoidea_Haplognathiidae_Haplognathia_Haplognathia_ruberrima
Eukaryota_Haptista_Haptophyta_Isochrysidales
Eukaryota_Haptista_Haptophyta_Pavlovales_Pavlovaceae
Eukaryota_Haptista_Haptophyta_Phaeocystales_Phaeocystaceae_Phaeocystis
Eukaryota_Haptista_Haptophyta_Prymnesiales_Chrysochromulinaceae_Chrysochromulina
Eukaryota_Hemichordata_Enteropneusta_Harrimaniidae_Harrimaniidae
Eukaryota_Hemichordata_Enteropneusta_Ptychoderidae_Ptychoderidae
Eukaryota_Hemichordata_Enteropneusta_Spengelidae_Spengelidae_Schizocardium_Schizocardium_brasiliense
Eukaryota_Hemichordata_Pterobranchia_Cephalodiscida_Cephalodiscidae_Cephalodiscus_Cephalodiscus_hodgsoni
Eukaryota_Hemichordata_Pterobranchia_Rhabdopleurida_Rhabdopleuridae_Rhabdopleura_Rhabdopleura_compacta
Eukaryota_Heterolobosea_Acrasidae_Acrasidae_Acrasidae_Acrasis_Acrasis_kona
Eukaryota_Heterolobosea_Pharyngomonas_Pharyngomonas_Pharyngomonas_Pharyngomonas_Pharyngomonas_kirbyi
Eukaryota_Heterolobosea_Vahlkampfiidae_Vahlkampfiidae_Vahlkampfiidae
Eukaryota_Ichthyosporea_Ichthyosporea_Dermocystida_Sphaerothecum_Sphaerothecum_Sphaerothecum_destruens
Eukaryota_Ichthyosporea_Ichthyosporea_Ichthyophonida_Amoebidiaceae_Amoebidium_Amoebidium_parasiticum
Eukaryota_Imbricatea_Euglyphida_Euglyphida
Eukaryota_Jakobida_Jakobida_Jakobida
Eukaryota_Kinorhyncha_Allomalorhagida_Neocentrophyidae_Neocentrophyidae_Paracentrophyes
Eukaryota_Kinorhyncha_Allomalorhagida_Pycnophyidae_Pycnophyidae
Eukaryota_Kinorhyncha_Cyclorhagida_Antygomonidae_Antygomonidae_Antygomonas_Antygomonas_caeciliae
Eukaryota_Kinorhyncha_Cyclorhagida_Dracoderidae_Dracoderidae_Dracoderes
Eukaryota_Kinorhyncha_Cyclorhagida_Echinoderidae_Echinoderidae_Echinoderes
Eukaryota_Kinorhyncha_Cyclorhagida_Semnoderidae_Semnoderidae_Semnoderes_Semnoderes_armiger
Eukaryota_Malawimonadidae_Malawimonadidae_Malawimonadidae_Malawimonadidae_Malawimonas
Eukaryota_Micrognathozoa_Micrognathozoa_Limnognathida_Limnognathidae_Limnognathia_Limnognathia_maerski
Eukaryota_Mollusca_Bivalvia_Arcoida
Eukaryota_Mollusca_Bivalvia_Limoida_Limidae
Eukaryota_Mollusca_Bivalvia_Lucinoida
Eukaryota_Mollusca_Bivalvia_Myoida
Eukaryota_Mollusca_Bivalvia_Mytiloida_Mytilidae
Eukaryota_Mollusca_Bivalvia_Nuculanoida
Eukaryota_Mollusca_Bivalvia_Nuculoida_Nuculidae
Eukaryota_Mollusca_Bivalvia_Ostreoida
Eukaryota_Mollusca_Bivalvia_Pectinoida
Eukaryota_Mollusca_Bivalvia_Pholadomyoida
Eukaryota_Mollusca_Bivalvia_Pterioida
Eukaryota_Mollusca_Bivalvia_Solemyoida_Solemyidae
Eukaryota_Mollusca_Bivalvia_Trigoniida_Trigoniidae_Neotrigonia
Eukaryota_Mollusca_Bivalvia_Unionida
Eukaryota_Mollusca_Bivalvia_Veneroida
Eukaryota_Mollusca_Caudofoveata_Chaetodermatida
Eukaryota_Mollusca_Caudofoveata_Limifossorida
Eukaryota_Mollusca_Cephalopoda_Idiosepiidae_Idiosepiidae_Idiosepius
Eukaryota_Mollusca_Cephalopoda_Nautilida_Nautilidae
Eukaryota_Mollusca_Cephalopoda_Octopoda
Eukaryota_Mollusca_Cephalopoda_Sepiida
Eukaryota_Mollusca_Cephalopoda_Spirulida_Spirulidae_Spirula_Spirula_spirula
Eukaryota_Mollusca_Cephalopoda_Teuthida
Eukaryota_Mollusca_Cephalopoda_Vampyromorpha_Vampyroteuthidae_Vampyroteuthis_Vampyroteuthis_infernalis
Eukaryota_Mollusca_Gastropoda_Abyssochrysidae_Abyssochrysidae_Abyssochrysos
Eukaryota_Mollusca_Gastropoda_Acmaeidae_Acmaeidae
Eukaryota_Mollusca_Gastropoda_Acochlidiacea
Eukaryota_Mollusca_Gastropoda_Acroloxidae_Acroloxidae
Eukaryota_Mollusca_Gastropoda_Acteonidae_Acteonidae
Eukaryota_Mollusca_Gastropoda_Amphibolidae_Amphibolidae
Eukaryota_Mollusca_Gastropoda_Amphimelaniidae_Amphimelaniidae_Holandriana_Holandriana_holandrii
Eukaryota_Mollusca_Gastropoda_Ancylidae_Ancylidae
Eukaryota_Mollusca_Gastropoda_Aplustridae_Aplustridae
Eukaryota_Mollusca_Gastropoda_Aplysiida
Eukaryota_Mollusca_Gastropoda_Architaenioglossa
Eukaryota_Mollusca_Gastropoda_Architectonicidae_Architectonicidae
Eukaryota_Mollusca_Gastropoda_Batillariidae_Batillariidae_Batillaria
Eukaryota_Mollusca_Gastropoda_Boselliidae_Boselliidae_Bosellia_Bosellia_mimetica
Eukaryota_Mollusca_Gastropoda_Bullinidae_Bullinidae_Bullina_Bullina_lineata
Eukaryota_Mollusca_Gastropoda_Caliphyllidae_Caliphyllidae
Eukaryota_Mollusca_Gastropoda_Campanilidae_Campanilidae_Campanile_Campanile_symbolicum
Eukaryota_Mollusca_Gastropoda_Cephalaspidea
Eukaryota_Mollusca_Gastropoda_Cerithiidae_Cerithiidae
Eukaryota_Mollusca_Gastropoda_Cerithiopsidae_Cerithiopsidae
Eukaryota_Mollusca_Gastropoda_Chilinidae_Chilinidae_Chilina
Eukaryota_Mollusca_Gastropoda_Cocculinidae_Cocculinidae
Eukaryota_Mollusca_Gastropoda_Cornirostridae_Cornirostridae_Cornirostra_Cornirostra_pellucida
Eukaryota_Mollusca_Gastropoda_Costasiellidae_Costasiellidae_Costasiella
Eukaryota_Mollusca_Gastropoda_Cycloneritida
Eukaryota_Mollusca_Gastropoda_Cylindrobullidae_Cylindrobullidae_Cylindrobulla_Cylindrobulla_beauii
Eukaryota_Mollusca_Gastropoda_Ellobiida
Eukaryota_Mollusca_Gastropoda_Epitoniidae_Epitoniidae
Eukaryota_Mollusca_Gastropoda_Glacidorbidae_Glacidorbidae_Glacidorbis
Eukaryota_Mollusca_Gastropoda_Hermaeidae_Hermaeidae_Hermaea
Eukaryota_Mollusca_Gastropoda_Juliidae_Juliidae
Eukaryota_Mollusca_Gastropoda_Latiidae_Latiidae_Latia_Latia_neritoides
Eukaryota_Mollusca_Gastropoda_Lepetellida
Eukaryota_Mollusca_Gastropoda_Lepetidae_Lepetidae
Eukaryota_Mollusca_Gastropoda_Limapontiidae_Limapontiidae
Eukaryota_Mollusca_Gastropoda_Litiopidae_Litiopidae_Litiopa_Litiopa_melanostoma
Eukaryota_Mollusca_Gastropoda_Littorinimorpha
Eukaryota_Mollusca_Gastropoda_Lottiidae_Lottiidae
Eukaryota_Mollusca_Gastropoda_Lymnaeidae_Lymnaeidae
Eukaryota_Mollusca_Gastropoda_Maningrididae_Maningrididae_Maningrida_Maningrida_arnhemensis
Eukaryota_Mollusca_Gastropoda_Melanopsidae_Melanopsidae
Eukaryota_Mollusca_Gastropoda_Modulidae_Modulidae_Modulus_Modulus_modulus
Eukaryota_Mollusca_Gastropoda_Nacellidae_Nacellidae
Eukaryota_Mollusca_Gastropoda_Neogastropoda
Eukaryota_Mollusca_Gastropoda_Neolepetopsidae_Neolepetopsidae
Eukaryota_Mollusca_Gastropoda_Neomphalidae_Neomphalidae
Eukaryota_Mollusca_Gastropoda_Nudibranchia
Eukaryota_Mollusca_Gastropoda_Omalogyridae_Omalogyridae_Omalogyra_Omalogyra_fusca
Eukaryota_Mollusca_Gastropoda_Orbitestellidae_Orbitestellidae
Eukaryota_Mollusca_Gastropoda_Oxynoeidae_Oxynoeidae
Eukaryota_Mollusca_Gastropoda_Pachychilidae_Pachychilidae
Eukaryota_Mollusca_Gastropoda_Paludomidae_Paludomidae
Eukaryota_Mollusca_Gastropoda_Patellidae_Patellidae
Eukaryota_Mollusca_Gastropoda_Pectinodontidae_Pectinodontidae_Serradonta_Serradonta_vestimentifericola
Eukaryota_Mollusca_Gastropoda_Peltospiridae_Peltospiridae
Eukaryota_Mollusca_Gastropoda_Phallomedusidae_Phallomedusidae_Phallomedusa
Eukaryota_Mollusca_Gastropoda_Physidae_Physidae
Eukaryota_Mollusca_Gastropoda_Plakobranchidae_Plakobranchidae
Eukaryota_Mollusca_Gastropoda_Planaxidae_Planaxidae
Eukaryota_Mollusca_Gastropoda_Planorbidae_Planorbidae
Eukaryota_Mollusca_Gastropoda_Platyhedylidae_Platyhedylidae
Eukaryota_Mollusca_Gastropoda_Pleurobranchida_Pleurobranchidae
Eukaryota_Mollusca_Gastropoda_Pleuroceridae_Pleuroceridae
Eukaryota_Mollusca_Gastropoda_Pleurotomariida
Eukaryota_Mollusca_Gastropoda_Potamididae_Potamididae
Eukaryota_Mollusca_Gastropoda_Protancylidae_Protancylidae_Protancylus_Protancylus_adhaerens
Eukaryota_Mollusca_Gastropoda_Provannidae_Provannidae
Eukaryota_Mollusca_Gastropoda_Pteropoda
Eukaryota_Mollusca_Gastropoda_Pyramidellidae_Pyramidellidae
Eukaryota_Mollusca_Gastropoda_Rhodopidae_Rhodopidae
Eukaryota_Mollusca_Gastropoda_Ringiculidae_Ringiculidae
Eukaryota_Mollusca_Gastropoda_Rissoellidae_Rissoellidae_Rissoella
Eukaryota_Mollusca_Gastropoda_Rubyspira_Rubyspira_Rubyspira
Eukaryota_Mollusca_Gastropoda_Runcinacea
Eukaryota_Mollusca_Gastropoda_Seguenziida
Eukaryota_Mollusca_Gastropoda_Semisulcospiridae_Semisulcospiridae
Eukaryota_Mollusca_Gastropoda_Siphonariida_Siphonariidae
Eukaryota_Mollusca_Gastropoda_Stylommatophora
Eukaryota_Mollusca_Gastropoda_Systellommatophora
Eukaryota_Mollusca_Gastropoda_Thiaridae_Thiaridae
Eukaryota_Mollusca_Gastropoda_Triphoridae_Triphoridae
Eukaryota_Mollusca_Gastropoda_Trochida
Eukaryota_Mollusca_Gastropoda_Turritellidae_Turritellidae
Eukaryota_Mollusca_Gastropoda_Umbraculida
Eukaryota_Mollusca_Gastropoda_Valvatidae_Valvatidae
Eukaryota_Mollusca_Gastropoda_Volvatellidae_Volvatellidae
Eukaryota_Mollusca_Gastropoda_Zemelanopsidae_Zemelanopsidae_Caledomelanella_Caledomelanella_frustulum
Eukaryota_Mollusca_Monoplacophora_Tryblidiida_Neopilinidae
Eukaryota_Mollusca_Polyplacophora_Chitonida
Eukaryota_Mollusca_Polyplacophora_Lepidopleurida
Eukaryota_Mollusca_Scaphopoda_Dentaliida
Eukaryota_Mollusca_Scaphopoda_Gadilida
Eukaryota_Mollusca_Solenogastres_Cavibelonia
Eukaryota_Mollusca_Solenogastres_Pholidoskepia
Eukaryota_Mucoromycota_Glomeromycetes_Archaeosporales
Eukaryota_Mucoromycota_Glomeromycetes_Diversisporales
Eukaryota_Mucoromycota_Glomeromycetes_Glomerales
Eukaryota_Mucoromycota_Glomeromycetes_Paraglomerales_Paraglomeraceae_Paraglomus
Eukaryota_Mucoromycota_Mortierellomycetes_Mortierellales_Mortierellaceae_Mortierella
Eukaryota_Mucoromycota_Mucoromycetes_Mucorales
Eukaryota_Mucoromycota_Umbelopsidomycetes_Umbelopsidales_Umbelopsidaceae_Umbelopsis
Eukaryota_Nematoda_Chromadorea_Araeolaimida
Eukaryota_Nematoda_Chromadorea_Chromadorida
Eukaryota_Nematoda_Chromadorea_Desmodorida
Eukaryota_Nematoda_Chromadorea_Desmoscolecida_Desmoscolecidae_Desmoscolex_Desmoscolex_koloensis
Eukaryota_Nematoda_Chromadorea_Monhysterida
Eukaryota_Nematoda_Chromadorea_Plectida
Eukaryota_Nematoda_Chromadorea_Rhabditida
Eukaryota_Nematoda_Chromadorea_Strongylida
Eukaryota_Nematoda_Enoplea_Dioctophymatida
Eukaryota_Nematoda_Enoplea_Dorylaimida
Eukaryota_Nematoda_Enoplea_Enoplida
Eukaryota_Nematoda_Enoplea_Mermithida_Mermithidae
Eukaryota_Nematoda_Enoplea_Muspiceida
Eukaryota_Nematoda_Enoplea_Trichinellida
Eukaryota_Nematoda_Enoplea_Triplonchida
Eukaryota_Nematomorpha_Gordioida_Chordodea
Eukaryota_Nematomorpha_Gordioida_Gordea_Gordiidae
Eukaryota_Nemertea_Enopla_Bdellonemertea_Malacobdellidae_Malacobdella
Eukaryota_Nemertea_Enopla_Monostilifera
Eukaryota_Nemertea_Enopla_Polystilifera
Eukaryota_Nemertea_Palaeonemertea_Carinomidae_Carinomidae_Carinoma
Eukaryota_Nemertea_Palaeonemertea_Cephalothricidae_Cephalothricidae
Eukaryota_Nemertea_Palaeonemertea_Tubulanidae_Tubulanidae
Eukaryota_Nemertea_Pilidiophora_Heteronemertea
Eukaryota_Nemertea_Pilidiophora_Hubrechtidae_Hubrechtidae_Hubrechtella
Eukaryota_Onychophora_Udeonychophora_Euonychophora
Eukaryota_Oomycota_Oomycota_Albuginales_Albuginaceae
Eukaryota_Oomycota_Oomycota_Anisolpidiales_Anisolpidiaceae_Anisolpidium
Eukaryota_Oomycota_Oomycota_Haptoglossa_Haptoglossa_Haptoglossa_Haptoglossa_zoospora
Eukaryota_Oomycota_Oomycota_Lagenaceae_Lagenaceae_Lagena_Lagena_radicicola
Eukaryota_Oomycota_Oomycota_Lagenidiales
Eukaryota_Oomycota_Oomycota_Leptomitales_Apodachlya_Apodachlya
Eukaryota_Oomycota_Oomycota_Myzocytiopsidales
Eukaryota_Oomycota_Oomycota_Olpidiopsidales_Olpidiopsidaceae_Olpidiopsis
Eukaryota_Oomycota_Oomycota_Peronosporales
Eukaryota_Oomycota_Oomycota_Pythiales
Eukaryota_Oomycota_Oomycota_Rhipidiales_Rhipidiaceae_Sapromyces_Sapromyces_elongatus
Eukaryota_Oomycota_Oomycota_Saprolegniales_Saprolegniaceae
Eukaryota_Oomycota_Oomycota_Sclerosporales_Verrucalvaceae_Pachymetra_Pachymetra_chaunorhiza
Eukaryota_Pelagophyceae_Pelagophyceae_Pelagomonadales_Aureococcus_Aureococcus_Aureococcus_anophagefferens
Eukaryota_Perkinsozoa_Perkinsida_Perkinsida_Perkinsidae_Perkinsus
Eukaryota_Phaeophyceae_Phaeophyceae_Ascoseirales_Ascoseira_Ascoseira_Ascoseira_mirabilis
Eukaryota_Phaeophyceae_Phaeophyceae_Asteronema_Asteronema_Asteronema_Asteronema_ferruginea
Eukaryota_Phaeophyceae_Phaeophyceae_Bachelotia_Bachelotia_Bachelotia_Bachelotia_antillarum
Eukaryota_Phaeophyceae_Phaeophyceae_Cutleriales_Cutleriaceae
Eukaryota_Phaeophyceae_Phaeophyceae_Desmarestiales
Eukaryota_Phaeophyceae_Phaeophyceae_Dictyotales
Eukaryota_Phaeophyceae_Phaeophyceae_Ectocarpales
Eukaryota_Phaeophyceae_Phaeophyceae_Fucales
Eukaryota_Phaeophyceae_Phaeophyceae_Laminariales
Eukaryota_Phaeophyceae_Phaeophyceae_Onslowiales_Onslowiaceae_Verosphacela_Verosphacela_silvae
Eukaryota_Phaeophyceae_Phaeophyceae_Phaeostrophionaceae_Phaeostrophionaceae_Phaeostrophion_Phaeostrophion_irregulare
Eukaryota_Phaeophyceae_Phaeophyceae_Ralfsiales
Eukaryota_Phaeophyceae_Phaeophyceae_Scytothamnales
Eukaryota_Phaeophyceae_Phaeophyceae_Sphacelariales
Eukaryota_Phaeophyceae_Phaeophyceae_Sporochnales_Sporochnaceae
Eukaryota_Phaeophyceae_Phaeophyceae_Syringodermatales_Syringodermataceae_Syringoderma
Eukaryota_Phaeophyceae_Phaeophyceae_Tilopteridales
Eukaryota_Phoronida_Phoronis_Phoronis_Phoronis_Phoronis
Eukaryota_Phoronida_Phoronopsis_Phoronopsis_Phoronopsis_Phoronopsis
Eukaryota_Pinguiophyceae_Pinguiophyceae_Pinguiochrysidales_Pinguiochrysidaceae
Eukaryota_Placozoa_Polyplacotoma_Polyplacotoma_Polyplacotoma_Polyplacotoma_Polyplacotoma_mediterranea
Eukaryota_Placozoa_Trichoplacidae_Trichoplacidae_Trichoplacidae_Trichoplax_Trichoplax_adhaerens
Eukaryota_Platyhelminthes_Catenulida_Stenostomidae_Stenostomidae
Eukaryota_Platyhelminthes_Cestoda_Amphilinidea_Amphilinidae_Gigantolina_Gigantolina_magna
Eukaryota_Platyhelminthes_Cestoda_Bothriocephalidea
Eukaryota_Platyhelminthes_Cestoda_Caryophyllidea
Eukaryota_Platyhelminthes_Cestoda_Cyclophyllidea
Eukaryota_Platyhelminthes_Cestoda_Diphyllidea_Echinobothriidae
Eukaryota_Platyhelminthes_Cestoda_Diphyllobothriidea_Diphyllobothriidae
Eukaryota_Platyhelminthes_Cestoda_Eniochobothrium_Eniochobothrium_Eniochobothrium_Eniochobothrium_euaxos
Eukaryota_Platyhelminthes_Cestoda_Gyrocotylidea_Gyrocotylidae_Gyrocotyle_Gyrocotyle_urna
Eukaryota_Platyhelminthes_Cestoda_Haplobothriidea_Haplobothriidae_Haplobothrium_Haplobothrium_globuliforme
Eukaryota_Platyhelminthes_Cestoda_Lecanicephalidea
Eukaryota_Platyhelminthes_Cestoda_Litobothriidea_Litobothriidae_Litobothrium_Litobothrium_nickoli
Eukaryota_Platyhelminthes_Cestoda_Nippotaeniidea_Nippotaeniidae_Nippotaenia_Nippotaenia_chaenogobii
Eukaryota_Platyhelminthes_Cestoda_Phyllobothriidea_Phyllobothriidae
Eukaryota_Platyhelminthes_Cestoda_Proteocephalidea
Eukaryota_Platyhelminthes_Cestoda_Pseudophyllidea
Eukaryota_Platyhelminthes_Cestoda_Rhinebothriidea
Eukaryota_Platyhelminthes_Cestoda_Spathebothriidea_Acrobothriidae_Didymobothrium_Didymobothrium_rudolphii
Eukaryota_Platyhelminthes_Cestoda_Tetrabothriidea_Tetrabothriidae_Tetrabothrius_Tetrabothrius_erostris
Eukaryota_Platyhelminthes_Cestoda_Tetraphyllidea_Onchobothriidae
Eukaryota_Platyhelminthes_Cestoda_Trypanorhyncha
Eukaryota_Platyhelminthes_Monogenea_Capsalidea_Capsalidae
Eukaryota_Platyhelminthes_Monogenea_Chimaericolidea_Chimaericolidae_Chimaericola_Chimaericola_leptogaster
Eukaryota_Platyhelminthes_Monogenea_Dactylogyridea
Eukaryota_Platyhelminthes_Monogenea_Diclybothriidea_Hexabothriidae
Eukaryota_Platyhelminthes_Monogenea_Gyrodactylidea
Eukaryota_Platyhelminthes_Monogenea_Mazocraeidea
Eukaryota_Platyhelminthes_Monogenea_Monocotylidea_Monocotylidae
Eukaryota_Platyhelminthes_Monogenea_Polystomatidea
Eukaryota_Platyhelminthes_Rhabditophora_Haplopharyngida_Haplopharyngidae_Haplopharynx_Haplopharynx_rostratus
Eukaryota_Platyhelminthes_Rhabditophora_Macrostomida
Eukaryota_Platyhelminthes_Rhabditophora_Polycladida
Eukaryota_Platyhelminthes_Rhabditophora_Prolecithophora_Plagiostomidae_Vorticeros_Vorticeros_praedatorium
Eukaryota_Platyhelminthes_Rhabditophora_Proseriata
Eukaryota_Platyhelminthes_Rhabditophora_Rhabdocoela
Eukaryota_Platyhelminthes_Rhabditophora_Tricladida
Eukaryota_Platyhelminthes_Trematoda_Azygiida
Eukaryota_Platyhelminthes_Trematoda_Cercaria_Cercaria_Cercaria
Eukaryota_Platyhelminthes_Trematoda_Diplostomida
Eukaryota_Platyhelminthes_Trematoda_Gastrodiscidae_Gastrodiscidae_Homalogaster_Homalogaster_paloniae
Eukaryota_Platyhelminthes_Trematoda_Gymnophallidae_Gymnophallidae_Gymnophallus_Gymnophallus_choledochus
Eukaryota_Platyhelminthes_Trematoda_Neodiplostomidae_Neodiplostomidae_Neodiplostomum
Eukaryota_Platyhelminthes_Trematoda_Opisthorchiida
Eukaryota_Platyhelminthes_Trematoda_Pharyngostomum_Pharyngostomum_Pharyngostomum_Pharyngostomum_cordatum
Eukaryota_Platyhelminthes_Trematoda_Plagiorchiida
Eukaryota_Platyhelminthes_Trematoda_Pronocephalidae_Pronocephalidae_Diaschistorchis_Diaschistorchis_pandus
Eukaryota_Platyhelminthes_Trematoda_Prosorhynchoides_Prosorhynchoides_Prosorhynchoides
Eukaryota_Platyhelminthes_Trematoda_Strigeidida
Eukaryota_Platyhelminthes_Trematoda_Thapariellidae_Thapariellidae_Thapariella_Thapariella_anastomusa
Eukaryota_Porifera_Calcarea_Clathrinida_Clathrinidae_Clathrina_Clathrina_clathrus
Eukaryota_Porifera_Calcarea_Leucosolenida
Eukaryota_Porifera_Calcarea_Lithonida_Petrobionidae_Petrobiona_Petrobiona_massiliana
Eukaryota_Porifera_Demospongiae_Agelasida
Eukaryota_Porifera_Demospongiae_Axinellida
Eukaryota_Porifera_Demospongiae_Biemnida
Eukaryota_Porifera_Demospongiae_Bubarida
Eukaryota_Porifera_Demospongiae_Chondrillida_Chondrillidae
Eukaryota_Porifera_Demospongiae_Clionaida
Eukaryota_Porifera_Demospongiae_Dendroceratida
Eukaryota_Porifera_Demospongiae_Desmacellida_Desmacellidae_Desmacella
Eukaryota_Porifera_Demospongiae_Dictyoceratida
Eukaryota_Porifera_Demospongiae_Haplosclerida
Eukaryota_Porifera_Demospongiae_Merliida_Hamacanthidae_Hamacantha_Hamacantha_falcula
Eukaryota_Porifera_Demospongiae_Petromica_Petromica_Petromica_Petromica_pacifica
Eukaryota_Porifera_Demospongiae_Poecilosclerida
Eukaryota_Porifera_Demospongiae_Polymastiida_Polymastiidae
Eukaryota_Porifera_Demospongiae_Sphaerocladina_Vetulinidae_Vetulina
Eukaryota_Porifera_Demospongiae_Spongillida
Eukaryota_Porifera_Demospongiae_Suberitida
Eukaryota_Porifera_Demospongiae_Tethyida
Eukaryota_Porifera_Demospongiae_Tetractinellida
Eukaryota_Porifera_Demospongiae_Verongiida
Eukaryota_Porifera_Hexactinellida_Amphidiscosida
Eukaryota_Porifera_Hexactinellida_Aulocalycoida_Aulocalycidae_Euryplegma_Euryplegma_auriculare
Eukaryota_Porifera_Hexactinellida_Hexactinosida
Eukaryota_Porifera_Hexactinellida_Lyssacinosida
Eukaryota_Porifera_Homoscleromorpha_Homosclerophorida
Eukaryota_Priapulida_Priapulimorpha_Priapulimorphida
Eukaryota_Raphidophyceae_Raphidophyceae_Chattonellales
Eukaryota_Raphidophyceae_Raphidophyceae_Haramonas_Haramonas_Haramonas_Haramonas_dimorpha
Eukaryota_Rhodophyta_Bangiophyceae_Bangiales_Bangiaceae
Eukaryota_Rhodophyta_Bangiophyceae_Cyanidiales_Cyanidiaceae
Eukaryota_Rhodophyta_Compsopogonophyceae_Compsopogonales_Compsopogonaceae_Compsopogon_Compsopogon_caeruleus
Eukaryota_Rhodophyta_Compsopogonophyceae_Erythropeltidales
Eukaryota_Rhodophyta_Florideophyceae_Acrochaetiales_Acrochaetiaceae
Eukaryota_Rhodophyta_Florideophyceae_Acrosymphytales
Eukaryota_Rhodophyta_Florideophyceae_Ahnfeltiales_Ahnfeltiaceae_Ahnfeltia
Eukaryota_Rhodophyta_Florideophyceae_Balbianiales_Balbianiaceae_Balbiania_Balbiania_investiens
Eukaryota_Rhodophyta_Florideophyceae_Balliales_Balliaceae_Ballia_Ballia_callitricha
Eukaryota_Rhodophyta_Florideophyceae_Batrachospermales
Eukaryota_Rhodophyta_Florideophyceae_Bonnemaisoniales
Eukaryota_Rhodophyta_Florideophyceae_Ceramiales
Eukaryota_Rhodophyta_Florideophyceae_Colaconematales_Colaconemataceae_Colaconema
Eukaryota_Rhodophyta_Florideophyceae_Corallinales
Eukaryota_Rhodophyta_Florideophyceae_Corynodactylales_Corynodactylaceae_Corynodactylus_Corynodactylus_rejiciendus
Eukaryota_Rhodophyta_Florideophyceae_Entwisleiales_Entwisleiaceae_Entwisleia_Entwisleia_bella
Eukaryota_Rhodophyta_Florideophyceae_Gelidiales
Eukaryota_Rhodophyta_Florideophyceae_Gigartinales
Eukaryota_Rhodophyta_Florideophyceae_Gracilariales
Eukaryota_Rhodophyta_Florideophyceae_Halymeniales
Eukaryota_Rhodophyta_Florideophyceae_Hapalidiales_Hapalidiaceae
Eukaryota_Rhodophyta_Florideophyceae_Hildenbrandiales_Hildenbrandiaceae_Hildenbrandia_Hildenbrandia_rubra
Eukaryota_Rhodophyta_Florideophyceae_Nemaliales
Eukaryota_Rhodophyta_Florideophyceae_Nemastomatales
Eukaryota_Rhodophyta_Florideophyceae_Palmariales
Eukaryota_Rhodophyta_Florideophyceae_Peyssonneliopsis_Peyssonneliopsis_Peyssonneliopsis_Peyssonneliopsis_epiphytica
Eukaryota_Rhodophyta_Florideophyceae_Plocamiales
Eukaryota_Rhodophyta_Florideophyceae_Rhodachlyales_Rhodachlyaceae_Rhodachlya
Eukaryota_Rhodophyta_Florideophyceae_Rhodogorgonales_Rhodogorgonaceae
Eukaryota_Rhodophyta_Florideophyceae_Rhodymeniales
Eukaryota_Rhodophyta_Florideophyceae_Sebdeniales_Sebdeniaceae
Eukaryota_Rhodophyta_Florideophyceae_Sporolithales_Sporolithaceae
Eukaryota_Rhodophyta_Florideophyceae_Thoreales_Thoreaceae
Eukaryota_Rotifera_Bdelloidea_Adinetida_Adinetidae
Eukaryota_Rotifera_Bdelloidea_Philodinavidae
Eukaryota_Rotifera_Bdelloidea_Philodinida
Eukaryota_Rotifera_Bdelloidea_Rotaria_Rotaria_Rotaria
Eukaryota_Rotifera_Monogononta_Flosculariaceae
Eukaryota_Rotifera_Monogononta_Ploima
Eukaryota_Rotifera_Seisonidea_Seison_Seison_Seison_Seison_nebaliae
Eukaryota_Rotosphaerida_Rotosphaerida_Rotosphaerida_Nucleariidae_Nuclearia_Nuclearia_simplex
Eukaryota_Streptophyta_Andreaeopsida_Andreaeales_Andreaeaceae_Andreaea
Eukaryota_Streptophyta_Anthocerotopsida_Anthocerotales_Anthocerotaceae_Anthoceros
Eukaryota_Streptophyta_Anthocerotopsida_Dendrocerotales_Dendrocerotaceae
Eukaryota_Streptophyta_Anthocerotopsida_Notothyladales_Notothyladaceae_Phaeoceros_Phaeoceros_laevis
Eukaryota_Streptophyta_Bryopsida_Bartramiales_Bartramiaceae_Bartramia
Eukaryota_Streptophyta_Bryopsida_Bryales
Eukaryota_Streptophyta_Bryopsida_Buxbaumiales_Buxbaumiaceae_Buxbaumia_Buxbaumia_aphylla
Eukaryota_Streptophyta_Bryopsida_Dicranales_Dicranaceae
Eukaryota_Streptophyta_Bryopsida_Funariales_Funariaceae
Eukaryota_Streptophyta_Bryopsida_Grimmiales_Grimmiaceae
Eukaryota_Streptophyta_Bryopsida_Hypnales
Eukaryota_Streptophyta_Bryopsida_Orthotrichales_Orthotrichaceae
Eukaryota_Streptophyta_Bryopsida_Pottiales_Pottiaceae
Eukaryota_Streptophyta_Bryopsida_Ptychomniales_Ptychomniaceae_Ptychomnion_Ptychomnion_cygnisetum
Eukaryota_Streptophyta_Bryopsida_Splachnales_Splachnaceae_Tetraplodon_Tetraplodon_fuegianus
Eukaryota_Streptophyta_Charophyceae_Charales_Characeae
Eukaryota_Streptophyta_Chlorokybophyceae_Chlorokybales_Chlorokybaceae_Chlorokybus_Chlorokybus_atmophyticus
Eukaryota_Streptophyta_Coleochaetophyceae_Coleochaetales
Eukaryota_Streptophyta_Cycadopsida_Cycadales
Eukaryota_Streptophyta_Ginkgoopsida_Ginkgoales_Ginkgoaceae_Ginkgo_Ginkgo_biloba
Eukaryota_Streptophyta_Gnetopsida_Ephedrales_Ephedraceae_Ephedra
Eukaryota_Streptophyta_Gnetopsida_Gnetales_Gnetaceae_Gnetum
Eukaryota_Streptophyta_Gnetopsida_Welwitschiales_Welwitschiaceae_Welwitschia_Welwitschia_mirabilis
Eukaryota_Streptophyta_Haplomitriopsida_Calobryales_Haplomitriaceae_Haplomitrium
Eukaryota_Streptophyta_Haplomitriopsida_Treubiales_Treubiaceae_Treubia_Treubia_lacunosa
Eukaryota_Streptophyta_Jungermanniopsida_Fossombroniales
Eukaryota_Streptophyta_Jungermanniopsida_Jungermanniales
Eukaryota_Streptophyta_Jungermanniopsida_Metzgeriales
Eukaryota_Streptophyta_Jungermanniopsida_Pallaviciniales_Pallaviciniaceae_Pallavicinia_Pallavicinia_lyellii
Eukaryota_Streptophyta_Jungermanniopsida_Pelliales_Pelliaceae_Pellia_Pellia_epiphylla
Eukaryota_Streptophyta_Jungermanniopsida_Pleuroziales_Pleuroziaceae_Pleurozia_Pleurozia_purpurea
Eukaryota_Streptophyta_Jungermanniopsida_Porellales
Eukaryota_Streptophyta_Jungermanniopsida_Ptilidiales_Ptilidiaceae_Ptilidium
Eukaryota_Streptophyta_Klebsormidiophyceae_Klebsormidiales_Klebsormidiaceae_Klebsormidium_Klebsormidium_flaccidum
Eukaryota_Streptophyta_Leiosporocerotopsida_Leiosporocerotales_Leiosporocerotaceae_Leiosporoceros_Leiosporoceros_dussii
Eukaryota_Streptophyta_Lycopodiopsida_Isoetales_Isoetaceae_Isoetes
Eukaryota_Streptophyta_Lycopodiopsida_Lycopodiales_Lycopodiaceae
Eukaryota_Streptophyta_Lycopodiopsida_Selaginellales_Selaginellaceae_Selaginella_Selaginella_moellendorffii
Eukaryota_Streptophyta_Magnoliopsida_Acorales_Acoraceae_Acorus
Eukaryota_Streptophyta_Magnoliopsida_Alismatales
Eukaryota_Streptophyta_Magnoliopsida_Amborellales_Amborellaceae_Amborella_Amborella_trichopoda
Eukaryota_Streptophyta_Magnoliopsida_Apiales
Eukaryota_Streptophyta_Magnoliopsida_Aquifoliales_Aquifoliaceae_Ilex
Eukaryota_Streptophyta_Magnoliopsida_Arecales_Arecaceae
Eukaryota_Streptophyta_Magnoliopsida_Asparagales
Eukaryota_Streptophyta_Magnoliopsida_Asterales
Eukaryota_Streptophyta_Magnoliopsida_Austrobaileyales
Eukaryota_Streptophyta_Magnoliopsida_Boraginales
Eukaryota_Streptophyta_Magnoliopsida_Brassicales
Eukaryota_Streptophyta_Magnoliopsida_Canellales
Eukaryota_Streptophyta_Magnoliopsida_Caryophyllales
Eukaryota_Streptophyta_Magnoliopsida_Celastrales_Celastraceae
Eukaryota_Streptophyta_Magnoliopsida_Ceratophyllales_Ceratophyllaceae_Ceratophyllum_Ceratophyllum_demersum
Eukaryota_Streptophyta_Magnoliopsida_Chloranthales_Chloranthaceae
Eukaryota_Streptophyta_Magnoliopsida_Commelinales_Pontederiaceae_Pontederia_Pontederia_cordata
Eukaryota_Streptophyta_Magnoliopsida_Cornales
Eukaryota_Streptophyta_Magnoliopsida_Crossosomatales
Eukaryota_Streptophyta_Magnoliopsida_Cucurbitales
Eukaryota_Streptophyta_Magnoliopsida_Dioscoreales_Dioscoreaceae_Dioscorea_Dioscorea_mexicana
Eukaryota_Streptophyta_Magnoliopsida_Dipsacales
Eukaryota_Streptophyta_Magnoliopsida_Ericales
Eukaryota_Streptophyta_Magnoliopsida_Fabales
Eukaryota_Streptophyta_Magnoliopsida_Fagales
Eukaryota_Streptophyta_Magnoliopsida_Garryales
Eukaryota_Streptophyta_Magnoliopsida_Gentianales
Eukaryota_Streptophyta_Magnoliopsida_Geraniales
Eukaryota_Streptophyta_Magnoliopsida_Lamiales
Eukaryota_Streptophyta_Magnoliopsida_Laurales
Eukaryota_Streptophyta_Magnoliopsida_Liliales
Eukaryota_Streptophyta_Magnoliopsida_Magnoliales
Eukaryota_Streptophyta_Magnoliopsida_Malpighiales
Eukaryota_Streptophyta_Magnoliopsida_Malvales
Eukaryota_Streptophyta_Magnoliopsida_Myrtales
Eukaryota_Streptophyta_Magnoliopsida_Nymphaeales
Eukaryota_Streptophyta_Magnoliopsida_Oxalidales
Eukaryota_Streptophyta_Magnoliopsida_Pandanales_Cyclanthaceae_Carludovica_Carludovica_palmata
Eukaryota_Streptophyta_Magnoliopsida_Piperales
Eukaryota_Streptophyta_Magnoliopsida_Poales
Eukaryota_Streptophyta_Magnoliopsida_Proteales
Eukaryota_Streptophyta_Magnoliopsida_Ranunculales
Eukaryota_Streptophyta_Magnoliopsida_Rosales
Eukaryota_Streptophyta_Magnoliopsida_Santalales
Eukaryota_Streptophyta_Magnoliopsida_Sapindales
Eukaryota_Streptophyta_Magnoliopsida_Saxifragales
Eukaryota_Streptophyta_Magnoliopsida_Solanales
Eukaryota_Streptophyta_Magnoliopsida_Trochodendrales_Trochodendraceae
Eukaryota_Streptophyta_Magnoliopsida_Vitales_Vitaceae
Eukaryota_Streptophyta_Magnoliopsida_Zingiberales
Eukaryota_Streptophyta_Magnoliopsida_Zygophyllales
Eukaryota_Streptophyta_Marchantiopsida_Blasiales_Blasiaceae_Blasia_Blasia_pusilla
Eukaryota_Streptophyta_Marchantiopsida_Lunulariales_Lunulariaceae_Lunularia_Lunularia_cruciata
Eukaryota_Streptophyta_Marchantiopsida_Marchantiales
Eukaryota_Streptophyta_Mesostigmatophyceae_Mesostigmatales_Mesostigmataceae_Mesostigma_Mesostigma_viride
Eukaryota_Streptophyta_Pinopsida_Araucariales
Eukaryota_Streptophyta_Pinopsida_Cupressales
Eukaryota_Streptophyta_Pinopsida_Pinales_Pinaceae
Eukaryota_Streptophyta_Polypodiopsida_Equisetales_Equisetaceae_Equisetum
Eukaryota_Streptophyta_Polypodiopsida_Marattiales_Marattiaceae_Angiopteris_Angiopteris_fokiensis
Eukaryota_Streptophyta_Polypodiopsida_Ophioglossales_Ophioglossaceae_Ophioglossum
Eukaryota_Streptophyta_Polypodiopsida_Osmundales_Osmundaceae_Osmunda_Osmunda_regalis
Eukaryota_Streptophyta_Polypodiopsida_Polypodiales
Eukaryota_Streptophyta_Polypodiopsida_Psilotales_Psilotaceae_Psilotum_Psilotum_nudum
Eukaryota_Streptophyta_Polytrichopsida_Polytrichales_Polytrichaceae
Eukaryota_Streptophyta_Sphagnopsida_Sphagnales
Eukaryota_Streptophyta_Tetraphidopsida_Tetraphidales_Tetraphidaceae_Tetraphis_Tetraphis_pellucida
Eukaryota_Streptophyta_Zygnemophyceae_Desmidiales
Eukaryota_Streptophyta_Zygnemophyceae_Zygnematales
Eukaryota_Synurophyceae_Synurophyceae_Ochromonadales
Eukaryota_Synurophyceae_Synurophyceae_Synurales_Mallomonadaceae
Eukaryota_Tardigrada_Eutardigrada_Apochela_Milnesiidae_Milnesium
Eukaryota_Tardigrada_Eutardigrada_Parachela
Eukaryota_Tardigrada_Heterotardigrada_Arthrotardigrada_Batillipedidae_Batillipes
Eukaryota_Tardigrada_Heterotardigrada_Echiniscoidea
Eukaryota_Tsukubamonadida_Tsukubamonadida_Tsukubamonadida_Tsukubamonadidae_Tsukubamonas_Tsukubamonas_globosa
Eukaryota_Tubulinea_Echinamoebida_Vermamoeba_Vermamoeba_Vermamoeba_Vermamoeba_vermiformis
Eukaryota_Xanthophyceae_Xanthophyceae_Botrydiales_Botrydiaceae_Botrydium_Botrydium_granulatum
Eukaryota_Xanthophyceae_Xanthophyceae_Mischococcales
Eukaryota_Xanthophyceae_Xanthophyceae_Tribonematales
Eukaryota_Xanthophyceae_Xanthophyceae_Vaucheriales_Vaucheriaceae_Vaucheria_Vaucheria_sessilis
Eukaryota_Xenacoelomorpha_Acoela_Acoela
Eukaryota_Xenacoelomorpha_Nemertodermatida_Nemertodermatida_Nemertodermatidae
Eukaryota_Xenacoelomorpha_Xenoturbellidae_Xenoturbellidae_Xenoturbellidae_Xenoturbella
Eukaryota_Zoopagomycota_Entomophthoromycetes_Entomophthorales_Ancylistaceae_Conidiobolus
Eukaryota_Zoopagomycota_Harpellomycetes_Harpellales_Legeriomycetaceae_Zancudomyces_Zancudomyces_culisetae
